page,index,会社名,勤務地,給与
1.0,1.0,株式会社LAVA International | 働きがいのある企業3年連続受賞*未経験歓迎*年休110日*手当充実,《店舗数No.1！》全国に441店舗以上ある「ホットヨガスタジオLAVA」各店にて勤務 ※転勤なし…,選べる2つの働き方をご用意しています！ ■全国勤務 月給22.4万円〜60万円 ■エリア限定勤務／転居なし…
1.0,2.0,株式会社ドリーム・サービス | 未経験から年収700万円を目指せる/基本定時退社/有休消化100％,【「南森町」駅スグのオフィス！】 ※U・Iターン歓迎 ※現地集合&現地解散 ◆大阪府大阪市北区西天…,月給 21万円 〜 30万円 + 諸手当 + 賞与(年2回) 《モデル年収例》 年収700万円／25歳・経験3年 年収400…
1.0,3.0,株式会社テクノスイコー | ◎応募前相談OK◎残業手当100％支給 <大阪府緊急雇用対策に賛同>,《大阪・兵庫・奈良・京都で積極採用！》 《全国転勤なし！》 ★通勤しやすい希望の地域で働けます！…,月給 19万円以上 +（各種手当） ※経験・年齢・スキル・前職給与などを考慮の上、当社規定により優遇しま…
1.0,4.0,株式会社ワット・コンサルティング | 質の高い研修が魅力！★未経験向け研修カリキュラム期間No.1,北海道から九州まで全国各地で大募集！ ※希望を考慮し配属します。 ※UIターンを考えている方も ご…,"【未経験】 月給19万5,000円〜24万円＋住宅手当＋各種手当 【経験者】 月給24万円〜45万500円＋住宅手当…"
1.0,5.0,生活協同組合コープこうべ | 【創立100年】残業少なめ月15h程度／安定月給＋賞与年2回＋昇給,◆大阪北部と兵庫県内各地の協同購入センター 【大阪エリア】 高槻／高槻市玉川 【阪神エリア】 ＜神…,◆月給：22万6000円以上＋諸手当 ※当初２ヶ月間は契約職員（契約期間も給与額は同額）。 　契約期間満了…
2.0,1.0,株式会社クラシアン | ★毎年依頼件数が増加中★ ※家庭を大事にできる会社,☆転勤なし ☆勤務地は相談に応じます。 ☆車通勤OK／社用車貸与 ◆北海道・東北 北海道、岩手県、…,月給22万円以上 + 歩合給 + 諸手当 ※スキル・経験等を考慮の上、弊社規定により優遇します。 ※試用期間…
2.0,2.0,株式会社夢テクノロジー | 未経験からキャリアアップできる会社No.1(※)／研修最大3ヶ月,＜各エリアにて採用中！＞ ※希望エリアを考慮 【在宅勤務実施中です】※配属先によって異なります。…,◆月給19.5万円〜27万円(一律手当3万含む)＋残業手当100％＋交通費＋賞与2回 【研修期間中(1〜3ヶ月)も…
2.0,3.0,日研トータルソーシング株式会社 | 大阪府緊急雇用対策に賛同◆未経験歓迎◆残業ほぼなし,◎全国各地に勤務地があります！ ・希望を考慮して配属先を決定。 ・エリアを超える転勤なし 結婚等で…,A：月給25万5000円〜 B：月給23万3000円〜 A…関東・甲信越A、東海、近畿エリア B…北海道・東北、関東…
2.0,4.0,株式会社クラシアン | 【転勤なし】日本全国に展開中！好きな街で働ける！◆月9日休み,☆転勤なし ☆勤務地は相談に応じます。 ☆車通勤OK／社用車貸与 ◆北海道・東北 北海道、岩手県、…,月給22万円以上 + 歩合給 + 諸手当 ※スキル・経験等を考慮の上、弊社規定により優遇します。 ※試用期間…
2.0,5.0,布亀株式会社 | 創業143年の老舗企業。健康と笑顔を地域の方々にお届けする仕事,＜転居を伴う転勤なし！＞ ★関東募集中！ ★ガソリン代も100％支給 関東全域（首都圏/北関東）の…,"月給：24万6,000円〜+インセンティブ ※あなたの経験やスキルを最大限に考慮させていただきます。 ※上…"
2.0,6.0,ダイセル網干産業株式会社 | ＜(株)ダイセルの100％出資子会社＞★賞与年4.5か月分支給実績有,☆転勤はありません ☆マイカー、バイク通勤OK ☆U・Iターン歓迎 兵庫県姫路市網干区新在家123…,月給／18万円〜 + 諸手当 ＋ 賞与年2回（前年度実績：4.5ヶ月分支給） ※年齢、経験、能力を考慮し、当…
2.0,7.0,株式会社ハウスメイトショップ | ＼残業は月平均20ｈ以下★賞与平均4.6ヶ月分★手当制度も充実／,北海道、栃木県、埼玉県、千葉県、東京都、大阪府、兵庫県、熊本県など各店舗 ※居住地・ご希望に応じ決…,月給19万円〜24万円＋諸手当+賞与年2回（昨年度平均4.6ヶ月分支給実績！） ★各種手当の詳細は＜諸手当…
2.0,8.0,TSネットワーク株式会社 | JTグループならではの安定基盤と待遇★賞与・昨年度実績5.69カ月,千葉流通センター/千葉県千葉市美浜区新港86-3 神奈川流通センター/神奈川県座間市広野台2丁目1…,〈千葉・神奈川〉 月給21万8500円〜24万8400円（一律支給の手当含む）＋賞与年2回（昨年度実績5.69ヶ月）…
2.0,9.0,株式会社ビッグモーター | ＼平均年収860万円 ◆ 年収2000万円超の実績あり／,【全国約300店舗！転勤なし！マイカー通勤OK！】 ★勤務地は希望を最大限考慮します！ 北海道 東…,月給22万8600円〜70万円（一律手当含む）＋インセンティブ＋賞与年2回＋諸手当 ※年齢・能力を考慮のう…
2.0,10.0,株式会社ビッグモーター | ＼業界No.1 ◆ 店舗別採用 ◆ 85％が年収650万円以上／,《全国約300店舗！転勤なし！マイカー・自転車通勤OK！》 ★勤務地は最寄り・希望の店舗を選べます…,月給22万8600円〜70万円（一律手当含む）＋インセンティブ＋賞与年2回＋諸手当 ※ご経験・ご年齢を考慮…
2.0,11.0,Evand株式会社 | 【Suprieveグループ】※在宅勤務OK／大阪府緊急雇用対策に賛同,【転居を伴う転勤なし】 現在の居住地を考慮し、以下いずれかの勤務地へ配属します。 大阪本社／大阪府…,◆月給：20万円〜26万円＋諸手当 ※経験・能力・年齢を考慮し決定します ※ポジションによって金額が異…
2.0,12.0,株式会社ビッグモーター | 【業界No.1企業】転勤なし★地元勤務できる正社員★未経験歓迎！,【全国約300店舗／転勤なし／マイカー・自転車通勤OK！】 ★希望勤務地への配属です ★U・Iター…,月給22万8600円〜70万円(一律手当含)＋インセンティブ＋賞与年2回+諸手当 ※ご経験・ご年齢を考慮の上、…
2.0,13.0,株式会社オープンハウス | 東証一部上場◆20代の管理職率76％◆年4回昇給&昇格のチャンス有,《東京・神奈川・埼玉・千葉・愛知・大阪・兵庫・福岡の営業拠点での勤務》 ★希望勤務地を考慮します。…,"月給30万円以上＋賞与年2回 ★年収1,000万円突破率は入社3年で30％、5年で60％！ ※経験・スキルを考慮…"
2.0,14.0,日産販売会社グループ合同募集 | 全国の日産販売会社で正社員募集！未経験歓迎！,★県外への転勤なし！ ★希望の勤務地を考慮し決定 ★Uターン、Iターン希望の方も歓迎！ 【募集して…,月給15万5000円〜35万8000円＋各種手当＋インセンティブ ◎北海道・東北 月給15万5000円〜24万5000円 …
2.0,15.0,株式会社ビッグモーター | 億単位の設備とクリーンな環境／賞与年2回／経験者優遇,《転勤なし！U・Iターン歓迎！マイカー通勤OK！》 ★勤務地は希望を最大限考慮します！ 下記エリア…,月給22万9900円〜60万円＋インセン（月平均10〜20万円）＋諸手当（資格手当など）＋賞与年2回 ※スキル…
2.0,16.0,日研トータルソーシング株式会社 | 大阪府緊急雇用対策に賛同◆年休最大160日◆地域限定正社員,◎全国各地に勤務地があります！ ・希望を考慮して配属先を決定。 ・エリアを超える転勤なし 結婚等で…,A：月給25万5000円〜 B：月給23万3000円〜 A…関東・甲信越A、東海、近畿エリア B…北海道・東北、関東…
2.0,17.0,株式会社 サービスネット甲子園 | 大手ガス機器メーカー「ノーリツ（東証一部上場）」のパートナー,【阪急・阪神「今津駅」から徒歩6分！】 ★転勤なし 兵庫県西宮市津門住江町12-17 ※バイク・自…,◆未経験：月給25万円〜＋諸手当＋賞与年2回 ◆経験者：月給32万円〜＋諸手当＋賞与年2回 ※年齢・経験…
2.0,18.0,株式会社シンクラン | ★連休もOK！★創業約50年の安定企業！◎面接1回でスピード入社,★転勤なし！U/Iターン歓迎♪ ※全国のコカ・コーラ社の営業所が勤務場所です。 ▼北海道・東北 札…,月給21万8800円〜 ※上記は最低支給額になります。年齢・スキル・前職・勤務地を考慮のうえ、決定いたし…
2.0,19.0,株式会社IDOM | 旧社名：ガリバーインターナショナル◇Gulliver◇東証1部上場◇,全国(47都道府県)のガリバー直営店舗及び事業所 初期配属はご相談可能！ 〜〜全国で積極採用中！〜…,月給23万円〜＋インセンティブ ※前職給与・経験を考慮し決定いたします ※月給金額には固定残業手当・…
2.0,20.0,株式会社ビッグモーター | 業界No.1企業の安定性／面接1回／転勤なし／連休OK！,転勤なし/全国に勤務地あり/勤務地は希望考慮/マイカー通勤OK ■北海道 札幌市 ■宮城県 名取市…,"【東京・埼玉・千葉】 月給233,600円以上 ＋ 賞与年2回 ※経験・能力等を考慮し決定いたします。 ※固定…"
2.0,21.0,日研トータルソーシング株式会社 | 大阪府緊急雇用対策に賛同◆年休最大160日◆応募⇒内定まで2週間,◎全国各地に勤務地があります！ ・希望を考慮して配属先を決定。 ・エリアを超える転勤なし 結婚等で…,A：月給25万5000円〜 B：月給23万3000円〜 A…関東・甲信越A、東海、近畿エリア B…北海道・東北、関東…
2.0,22.0,株式会社クラシアン | 月9日休み★日本全国に展開中！好きな街で働ける,☆転勤なし ☆勤務地は相談に応じます。 ☆車通勤OK／社用車貸与 ◆北海道・東北 北海道、岩手県、…,月給22万円以上 + 歩合給 + 諸手当 ※スキル・経験等を考慮の上、弊社規定により優遇します。 ※試用期間…
2.0,23.0,株式会社トライトキャリア | 有給取得率50％越/年収600万円以上可/大阪府緊急雇用対策に賛同,＜北海道/東北/甲信越/関東/東海/近畿/中国/四国/九州＞各拠点での募集 ※転勤なし (将来的に…,◆月給23万円〜40万円+賞与年2回 ※年齢・経験・スキルを十分考慮の上、当社規定により優遇いたします …
2.0,24.0,株式会社土屋 | 《 実質年休110日以上 》自宅近隣へ直行直帰／服装・髪型自由！,＼ 自宅から直行直帰スタイル ／ ★会社都合での転勤ナシ！ ▼事業所 北海道札幌市／旭川市 宮城県…,【南関東・東京勤務】 月給 22万円〜 + 手当 【福島・北関東・中部・関西・東海勤務】 月給 20万円〜 + …
2.0,25.0,株式会社ビッグモーター | 【業界No.1】平均年収861万円◆表彰式あり◆未経験歓迎◆面接1回,《全国約300店舗！転勤なし！マイカー・自転車通勤OK！》 ★勤務地は最寄り・希望の店舗を選べます…,月給22万8600円〜70万円（一律手当含む）＋インセンティブ＋賞与年2回＋諸手当 ※ご経験・ご年齢を考慮…
2.0,26.0,ジョンソン・エンド・ジョンソン株式会社 | 社会貢献度が高く、医療の一翼を担う仕事,【全国の事業所にて募集中】 研修後の配属地決定（その後の全国転勤有） 【北海道・東北エリア】 北海…,"月給：基本給276,000円〜 ※スキル・経験・直近の年収を考慮の上、当社規定に基づき決定いたします。 ※…"
2.0,27.0,株式会社クラシアン | 転勤なし★景気に左右されず依頼件数が増加中！,☆転勤なし ☆勤務地は相談に応じます。 ☆車通勤OK／社用車貸与 ◆北海道・東北 北海道、岩手県、…,月給22万円以上 + 歩合給 + 諸手当 ※スキル・経験等を考慮の上、弊社規定により優遇します。 ※試用期間…
2.0,28.0,株式会社リクルートスタッフィング | キャリアウィンク★有名＆安定企業で働ける♪在宅ワークも実施中,＜転勤なし！駅近オフィスが中心♪＞ ◆東京都 ◆神奈川県 ◆千葉県 ◆埼玉県 ◆愛知県(名古屋周辺…,東京23区：月給20万円〜＋ 賞与年2回＋残業代 東京23区外・神奈川県：月給19万円〜＋ 賞与年2回＋残業代 …
2.0,29.0,株式会社セラク | 【大阪府緊急雇用対策に賛同】東証一部上場企業★定着率90％超,＜首都圏積極採用中＞ 東京・横浜・大阪・札幌・名古屋・福岡の本社または各支社・支店 及び近郊のプロ…,東京/千葉/埼玉:月給22万~40万円 横浜/名古屋/大阪:月給21万~40万円 上記以外:月給20万~40万円 ※社会人…
2.0,30.0,株式会社リクルートスタッフィング | 産休・育休取得率&復職率100% ◆土日祝休み♪在宅ワークも実施中,＜転勤なし！駅近オフィスが中心♪＞ ◆東京都 ◆神奈川県 ◆千葉県 ◆埼玉県 ◆愛知県(名古屋周辺…,東京23区：月給20万円〜＋ 賞与年2回＋残業代 東京23区外・神奈川県：月給19万円〜＋ 賞与年2回＋残業代 …
2.0,31.0,株式会社リクルートスタッフィング | 大手&有名企業等で理想の働き方を★在宅ワーク実施中/土日祝休み,＜転勤なし！駅近オフィスが中心♪＞ ◆東京都 ◆神奈川県 ◆千葉県 ◆埼玉県 ◆愛知県(名古屋市中…,東京23区：月給20万円〜＋ 賞与年2回＋残業代 東京23区外・神奈川県：月給19万円〜＋ 賞与年2回＋残業代 …
2.0,32.0,株式会社修優舘 | 基本残業ゼロ｜賞与年3回+業績給｜オープニング募集もあり,大阪府（大阪市、豊中市、箕面市、吹田市、茨木市、高槻市、池田市）または兵庫県（伊丹市、西宮市）の各…,（1）週休制／月給21万5000円以上（一律手当1万円含む）＋インセンティブ ★半数以上の講師が月収30万円…
2.0,33.0,株式会社プロサーチ | 【WEB面接OK】前職給与も最大限考慮！40代～60代の入社も多数！,【転勤なし／希望勤務地に配属確約】 全国各地の現場で勤務（直行直帰) 仙台営業所：宮城県仙台市青葉…,月給27.5万円〜47万円（一律手当含む） + 諸手当 ※年齢、経験、能力を考慮の上、優遇します。 ※待遇条…
2.0,34.0,株式会社セラク | 【大阪府緊急雇用対策に賛同】――★創業34年の東証一部上場企業,＜首都圏積極採用中＞ 東京・横浜・大阪・札幌・名古屋・福岡の本社または各支社・支店 及び近郊のプロ…,東京/千葉/埼玉:月給22万~40万円 横浜/名古屋/大阪:月給21万~40万円 上記以外:月給20万~40万円 ※社会人…
2.0,35.0,株式会社オンテックス | 最大100万円の入社祝い金あり／完全週休2日制＋年間休日120日,≪全国各60支店≫ ★U・Iターン歓迎！転居を伴う転勤なし ★社員寮斡旋。あなたのご希望に応じて配…,月給30万〜40万円+インセンティブ ※年齢や経験を考慮し決定します。 ※上記は固定残業代(7万円〜／20時…
2.0,36.0,大栄環境株式会社 | 創業40年以上｜日本のSDGs実現を支える環境ビジネスのパイオニア,三木リサイクルセンター／兵庫県三木市口吉川町吉祥寺字谷132番地の8 ※マイカー通勤可能です,月給：21万8200円以上 ＋ 諸手当 ※上記はあくまでも最低保障です ※年齢、経験、能力を考慮の上、優遇い…
2.0,37.0,株式会社フュービック | 業界トップクラスのストレッチ専門店【Dr.stretch】運営元企業,"【転居を伴う転勤なし(本人希望を除く),配属先は希望を考慮】東京,神奈川,埼玉,大阪,京都,兵庫,…","関東 月給226,300〜450,000円 ＋ インセンティブ（月最大6万円） 関西・東海 月給221,000円〜450,000円 …"
2.0,38.0,株式会社ミュゼプラチナム | ★週休3日もOK★コスメ社割／全身美容脱毛0円★WEB面接1回,◎会社都合による転勤はなし◎ ★希望エリアで働けます ★全47都道府県に店舗あり 全国直営各店舗(…,【1】月給24万円以上 東京/神奈川/埼玉/千葉/茨城/静岡/山梨/ 岐阜/愛知/三重/滋賀/大阪/京都/奈良/兵庫…
2.0,39.0,株式会社夢テクノロジー | スキルを身に付けられる充実研修あり／大阪府緊急雇用対策に賛同,全国いずれかのプロジェクト先 ※希望エリアを考慮 【在宅勤務実施中です】※配属先によって異なります…,◆月給19.5万円〜27万円(一律手当3万含む)＋残業手当100％＋交通費＋賞与2回 【研修期間中(1〜3ヶ月)も…
2.0,40.0,日研トータルソーシング株式会社 | ★充実の研修！新規技術研修センター開校＆資格支援制度あり★,★勤務地は希望を考慮！ 全国47都道府県にある拠点のプロジェクト先 ※面接は各拠点にて行います ＜…,【関東】月給27万5290円〜 固定残業代5万2290円（30h分）含む ※超過分別途支給 【関東以外】月給25万58…
2.0,41.0,パーソルテンプスタッフ株式会社 | 大阪府緊急雇用対策に賛同/賞与年2回★研修充実★在宅ワークあり,東京都、神奈川県、大阪府、京都府、兵庫県、愛知県の大手・優良企業 ★転居を伴う転勤はありません ★…,【東京】月給20万9700円以上＋賞与年2回 【神奈川】月給20万円以上＋賞与年2回 【大阪】月給19万7400円以…
2.0,42.0,DSP株式会社 | 年休120日以上★大阪府緊急雇用対策に賛同★産休育休取得実績有,【WEB面接OK/希望勤務地考慮/転勤なし】 東京都港区の本社または全国の各拠点 ◎UIターン歓迎…,月給22万円〜51万円＋インセンティブ ※上記に固定残業38時間分(4万9千円〜)を含む。超過分は別途支給。 …
2.0,43.0,株式会社エンパワー | ◆買取専門店「大吉」◆ 4年連続「ベストベンチャー100」選出！,全国各地で募集！今後も拡大予定！ （北海道、関東、関西、東北、中部、中国、四国、九州、沖縄エリア）…,月給25万円以上＋インセンティブ（月平均10万円以上） ※上記にはみなし残業代（45時間分・6万円以上）を…
2.0,44.0,DSP株式会社 | 入社半年で月収100万円以上の社員多数/大阪府緊急雇用対策に賛同,【WEB面接OK/希望勤務地考慮/転勤なし】 東京都港区の本社または全国の各拠点 ◎UIターン歓迎…,月給22万円〜51万円＋インセンティブ ※上記に固定残業38時間分(4万9千円〜)を含む。超過分は別途支給。 …
2.0,45.0,日本住宅流通株式会社 | 「東証一部上場・大和ハウス」が100％出資★賞与7.6か月(昨年度),★買取再生事業部 【関東】 東京都 ★不動産流通事業部（売買仲介） ※U・Iターン歓迎 ※勤務地に…,"月給21万4,400円以上 ＋諸手当 ＋賞与年2回 ※年齢や経験、能力などを考慮し、決定します。 ※試用期間6…"
2.0,46.0,株式会社ビッグモーター | 業界No.1◆インセンあり／年収800万円以上可能／残業少なめ,《転勤なし！マイカー通勤OK！》 ★勤務地は希望を最大限考慮、下記エリアの整備工場併設店舗のいずれ…,月給22万9900円〜60万円＋インセン（月平均10〜20万円）＋諸手当（資格手当など）＋賞与年2回 ※スキル…
2.0,47.0,フォーザウィン株式会社 | 即戦力を育てる本気の教育体制/残業ほぼなし/年休125日/面接1回,【転勤なし】東京本社・渋谷支店・大阪支店・名古屋支店・福岡支店・北海道支店・群馬支店 または各プロ…,月給22万円〜28万円 ※上記の金額に経験・能力等を考慮し加給します。 ※試用期間3〜6ヶ月あり（期間中…
2.0,48.0,株式会社プロバイドジャパン | <理想の働き方を実現>★大阪府緊急雇用対策に賛同★完全週休2日,＼全国で募集＆希望外の転勤なし／ ↓下記はほんの一例！全国各地に多数あるのでお問い合わせください！…,【東京・神奈川・千葉・埼玉】 月給19万〜24万円＋各種手当＋インセン 【その他エリア】 月給18万〜22万…
2.0,49.0,DSP株式会社 | 《残業ほぼなし／年休120日以上／産前産後・育児休暇あり》,転勤なし（勤務地は希望考慮） U・Iターン歓迎 【東京/神奈川/埼玉/千葉/大阪/兵庫/京都/福岡…,月給／22万円〜45万円 ＋ 賞与年2回 ★経験・能力等を考慮し加給。 ※上記金額に固定残業38時間分(4万9…
2.0,50.0,フォーザウィン株式会社 | 未経験からじっくり知識やスキルを身に付け成長★完全週休2日,【転勤なし】東京本社・渋谷支店・大阪支店・名古屋支店・福岡支店・北海道支店・群馬支店 または各プロ…,■経験者 ：月給23万円〜 ■未経験：月給20万円〜23万円 【経験者は前給以上を必ず保証します】 ※経験…
4.0,1.0,株式会社グリーンクロス | 工事現場でおなじみのカラーコーンやバリケードなどを扱う商社,＜転勤なし＞希望勤務地への配属を、100％確約いたします！ 【関東エリア】 東京都杉並区 東京都中…,"月給／195,500円〜317,500円 ※上記金額に固定残業代（33時間分・5万円〜）を含みます。超過分は別途支…"
3.0,1.0,フォーザウィン株式会社 | 上流工程から携わる/残業ほぼなし/年休125日/面接1回即採用！,【転勤なし】東京本社・渋谷支店・大阪支店・名古屋支店・福岡支店・北海道支店・群馬支店 または各プロ…,月給30万円〜 【前給以上を必ず保証します】 ※上記の金額に経験・能力等を考慮し加給します。 ※試用期…
3.0,2.0,株式会社ビッグモーター | 業界No.1◆月給23万9800円～☆残業ほぼなし☆面接1回,☆転勤なし！全国募集＆勤務地は希望考慮♪ ☆マイカー通勤OK♪ ■北海道 ■宮城県 ■関東（東京都…,【東京・千葉・埼玉エリア】 ◆月給25万3600円〜38万5200円 ＋ 賞与年2回 ＋ インセンティブ ＋ 諸手当 …
3.0,3.0,DSP株式会社 | 初年度年収450万円以上可/産休育休有/大阪府緊急雇用対策に賛同,★転勤なし/希望勤務地考慮/UIターン歓迎 <本社又は各拠点、プロジェクト先> ■東京都 大田区/…,月給22万円〜51万円 ※上記に固定残業38時間分(4万9千円〜)を含む。超過分は別途支給。 ▼福岡県勤務の…
3.0,4.0,フォーザウィン株式会社 | 即戦力を育てる本気の教育体制/残業ほぼなし/年休125日/面接1回,【転勤なし】東京本社・渋谷支店・大阪支店・名古屋支店・福岡支店・北海道支店・群馬支店 または各プロ…,月給22万円〜28万円 ※上記の金額に経験・能力等を考慮し加給します。 ※試用期間3〜6ヶ月あり（期間中…
3.0,5.0,フォーザウィン株式会社 | 経験ゼロでも志望動機がなくても、しっかり育てる会社です！,【転勤なし】東京本社・渋谷支店・大阪支店・名古屋支店・福岡支店・北海道支店・群馬支店 または各プロ…,月給20万円〜23万円 ※上記の金額の間で前職給与を考慮。 ※経験・能力等を考慮の上、当社規定により最…
3.0,6.0,"フォーザウィン株式会社 | ★完休2日★有休取得100％★福利厚生提携先16,000件超",【転勤なし】東京本社・渋谷支店・大阪支店・名古屋支店・福岡支店・北海道支店・群馬支店 または各プロ…,■経験者 ：月給25万円〜 ■未経験：月給20万円〜23万円 【経験者は前給以上を必ず保証します】 ※経験…
3.0,7.0,フォーザウィン株式会社 | ”未経験者の事務職デビュー”を応援/残業ほぼ無し＆完全週休2日,【転勤なし】東京本社・渋谷支店・大阪支店・名古屋支店・福岡支店・北海道支店・群馬支店 または各プロ…,■経験者 ：月給23万円〜 ■未経験：月給20万円〜23万円 【経験者は前給以上を必ず保証します】 ※経験…
3.0,8.0,フォーザウィン株式会社 | 未経験からのチャレンジ大歓迎♪/完全週休2日制＆残業ほぼ無し,【転勤なし】東京本社・渋谷支店・大阪支店・名古屋支店・福岡支店・北海道支店・群馬支店 または各プロ…,■未経験：月給20万円〜23万円 ■IT系のヘルプデスク経験者：月給23万円〜35万円 ※経験・能力等を考慮…
3.0,9.0,株式会社ビッグモーター | 月給23万9800円～/月8～10日休/土日休OK/賞与年2回/残業ほぼなし,☆転勤なし！全国募集＆勤務地は希望考慮♪ ☆マイカー通勤OK♪ ■北海道 ■宮城県 ■関東（東京都…,【東京・千葉・埼玉エリア】 ◆月給25万3600円〜38万5200円 ＋ 賞与年2回 ＋ インセンティブ ＋ 諸手当 …
3.0,10.0,"株式会社京都スペーサー | 完全週休2日制／賞与年3,7カ月分／業界トップクラスの成長企業",【宮城・埼玉・東京・大阪・兵庫・香川いずれかの営業所】 ※勤務地は希望を考慮します。 ＜仙台営業所…,"月給19万5,000円〜25万5,000万円+賞与年2回(3.7カ月分) ※経験・能力を考慮の上、決定いたします 【月…"
3.0,11.0,株式会社修優舘 | テレビCM放映中！完全週休2日制(土日祝)/ゆったり午後出勤実働6h,★転勤なし ★Ｕ・Ｉターン歓迎！ 【新本社】 大阪府大阪市福島区野田3-2-19 ★JR野田駅スグ…,月給26万5000円以上（一律支給の手当含む）+インセンティブ+賞与年2回 ※昇給年1回 ※年齢・経験・スキ…
3.0,12.0,エルスイッチ株式会社 | 業績◎過去最高水準の入居率｜カナモリコーポレーショングループ,【転居を伴う転勤なし】 駅近オフィス★兵庫支社（神戸駅エリア)、大阪本店（新大阪駅エリア）のいずれ…,【経験者】月給：28万円以上＋インセンティブ 【未経験者】月給：23万円以上＋インセンティブ ※宅地建物…
3.0,13.0,株式会社ギヤテック | 神戸製鋼、川重、三菱電機、コマツなど大手メーカーのパートナー,《転勤なし！U・I・Jターン歓迎♪》 兵庫県姫路市白浜町宇佐崎中3丁目2-1 ◆山陽電鉄「白浜の宮…,"【経験者】月給／23万円〜33万円 【未経験者】月給／21万5,000円以上 ※諸手当＋賞与2回支給 ※一律手当…"
3.0,14.0,パーソルテンプスタッフ株式会社 | 研究開発事業本部(chall-edge)◆産休育休からの復職率95％◆,◆転勤ほぼなし！関東・中部・関西・四国・九州エリア ※パーソルテンプスタッフ株式会社へ入社後、クラ…,【首都圏・近畿エリア】月給23万円以上（年収309万円以上） 【北関東・中部エリア】月給22万円以上（年収…
3.0,15.0,パーソルエクセルHRパートナーズ株式会社 | 年休120日以上｜土日祝休み｜年収400万円以上可｜社員雇用前提,《勤務地はご希望に合わせて決定》 ★— 積極採用エリア —★ 札幌市・仙台市・ 東京23区・横浜市…,"◇関東／時給1,400〜1,800円 　⇒ 派遣期間の月収例：28万8,000円 ◇関西／時給1,200〜1,700円 　⇒ 派…"
3.0,16.0,株式会社 ＨＡＬ | ★WEB面談応相談 ★全国応募OK ★リモートワーク可能,《リモートワーク可／会社都合による転勤は一切なし！》 ☆本人のご希望・居住地を考慮し、案件をご案内…,≪関東・関西・東海エリア≫ 月給35万円〜(開発経験5年以上) 月給30万円〜(3年以上) 月給27万円〜(3年未…
3.0,17.0,大東建託パートナーズ株式会社 | ★健康経営優良法人2021ホワイト500★残業少なめ,◇希望を考慮し、全国の拠点に配属いたします◇ ※勤務地限定制度あり（転居を伴う転勤なし）。 岩手県…,基本給 月給20万円以上＋業績加算給＋諸手当（勤続、家族、残業手当など） ★勤務地限定の場合：基本給 …
3.0,18.0,株式会社クリエート | 全国で積極採用/公共事業を発注する立場で活躍する建設コンサル,【本社】 神奈川県横浜市緑区十日市場町819-5 ◎入社後は本社に配属。1年〜3年で基本業務を習得…,年俸300万円〜800万円 ※12分割して1／12を毎月支給します。 ※資格手当、家族手当などの各種手当を加算…
3.0,19.0,株式会社エコリング | 【大阪府緊急雇用対策に賛同】「ホワイト企業アワード2021」受賞,【九州(福岡市)・広島(広島市)・神奈川積極募集！】 ◎希望を配慮して全国の店舗(東京都、神奈川県…,"月給：25万1,500円以上＋諸手当 ※経験を考慮の上、優遇いたします ※別途時間外手当支給 ※試用期間2ヶ…"
3.0,20.0,株式会社エコリング | 大阪府緊急雇用対策に賛同｜「ホワイト企業アワード2021」受賞,【遠方からのUIターン歓迎！】 姫路本社／兵庫県姫路市飾磨区恵美酒213 ※マイカー通勤可(駐車場…,"月給：25万1,500円以上＋諸手当 ※経験を考慮の上、優遇いたします ※別途時間外手当支給 ※試用期間2ヶ…"
3.0,21.0,株式会社トライアルカンパニー | ◆残業月平均13.25h以下　◆希望のキャリアパス、働き方が選べる,配属は所在地の都道府県 ※初任地は最寄りの店舗又は希望エリアを優先し配属します ※エリア内勤務また…,月給20万3千円〜65万円 ※能力、年齢などを考慮の上、決定いたします。 ※試用期間2ヶ月（賃金同一）。 …
3.0,22.0,株式会社ＪＷソリューション | 東証一部上場を親子会に持つ安定企業｜残業月10H以下★完週休2日,★転勤なし ★I・Uターン歓迎！ 各地域の百貨店やポップアップショップ、家電量販店、キャリアショッ…,【関東】 月給22万円以上＋賞与年2回＋インセンティブ ※上記は、固定残業代（月15時間分／2万2000円以上…
3.0,23.0,ヤマダストアー株式会社 | 《黒字経営＆業績右肩上がり》圧倒的な地域信頼度の高さを誇る,《姫路市、明石市、加古川市、高砂市の各店舗に配属します》 ★神戸市に初出店！2021年11月オープ…,"◆ 月給19万4,000円〜 + 各種手当 【月収例】 月収24万5,700円（25歳／大卒／交通費含む） ※年齢・経…"
3.0,24.0,株式会社グッドワークコミュニケーションズ | 多角的な事業展開で急成長！★☆20～30代大活躍中！☆★,☆全国での勤務 ☆転勤なし ◎上京サポートも充実♪Web面接や上京支援制度（引越手当）など ▼関東…,"◆関東・東北エリア 月給251,000円（固定残業代17,000円10時間分を含） 〜月給300,000円（固定残業代20,5…"
3.0,25.0,株式会社グッドワークコミュニケーションズ | 全国の拠点で募集／上京支援あり（最大10万円）,★転勤なし ◎上京サポートも充実♪Web面接や上京支援制度（10万円）など ▼関東・関西エリアは積…,関東エリア 月給25.1万円〜 （固定残業代1.7万円〜10時間分を含む） 関西・中部エリア 月給24万円〜 （…
3.0,26.0,FUJINO HOUSE ENGINEERING株式会社 | #大阪府緊急雇用対策に賛同#シンプルワーク#Web面談#副業可,【転勤なし／直行直帰の勤務スタイル／マイカー通勤OK】 ■担当エリアは阪神間・京阪間・名古屋地区■…,月給27万円〜＋歩合給 ⇒月収例：45万円／29歳 ※経験、年齢、能力を考慮のうえ、決定します
3.0,27.0,ヤング開発株式会社 | 知名度抜群！50周年の安定企業／UIターン歓迎／WEB面接も可能,希望を考慮して兵庫県内の拠点【西明石・姫路・高砂・土山】に配属します ※マイカー通勤可 ※UIター…,月給：31万5000円〜42万円＋諸手当 ＜2年目以降の営業社員の平均年収は987万円です＞ ※試用期間は3ヶ月…
3.0,28.0,株式会社ランテック | 【大阪府緊急雇用対策に賛同】東証一部上場「センコーグループ」,【転勤なし】 ★全国各拠点にて募集中 ★希望の勤務地に配属します ★面接もご希望の拠点で実施します…,"月給151,000円〜334,800円 ＋ その他手当（ 残業等 ） ※地域によって異なります。 ※経験・年齢を考慮…"
3.0,29.0,株式会社マイナビワークス | #年間休日120日以上 #土日休み #定時退社 #在宅ワークあり,【転勤なし／希望勤務地に配属／全国募集／在宅ワークあり】 東京都（主として23区内）・神奈川県・愛…,"月給 208,000円以上 + 各種手当 + 賞与年2回（首都圏） 月給 193,000円以上 + 各種手当 + 賞与年2回（大…"
3.0,30.0,株式会社KENテクノロジー | 《東証一部上場グループ》★定着率95％超★土日祝休・残業月15h,★転勤なし ★U/Iターン歓迎 ★東京/大阪で募集！ ★勤務地は相談の上、希望を最大限考慮します。…,"月給22万2,000円〜50万円＋各種手当＋賞与 ★入社1年後に97%の社員が給与UPを実現しています。 ※上記…"
3.0,31.0,KeePer技研株式会社 | 東証一部上場｜平均年齢27.3歳！活気ある職場環境も魅力,【新店舗を続々オープン中！】 ★勤務地は希望を考慮します！ …拠点詳細… ●北海道／札幌 ●千葉県…,【 月給23万円以上 + 各種手当 + 賞与年2回 】 ●あなたの経験や能力によって話し合いのもと、当社規定…
3.0,32.0,株式会社流通サービス | 【転居を伴う転勤なし】◎退職金、保養所…etc 福利厚生は豊富！,全国の営業所(希望考慮) [岩手] 奥州市/いわて県南、北上市/花北 [東京] 町田市/町田 [埼…,月給25.5万円 (東京市部) 月給25万円 (埼玉・千葉) 月給24.7万円 (滋賀) 月給24万円 (栃木・茨城・群馬・…
3.0,33.0,アデコ株式会社 | Modis事業本部◇同期と約1ヶ月の技術研修あり/残業月平均13h,★転勤なし ★首都圏または関西・東海・福岡エリア限定採用 各エリア内の大手・優良企業での勤務となり…,月給21万1000円〜 ＋ 残業代1分単位支給 ＋ 賞与（年2回） 【モデル月収例】 ・20代(構築経験あり)：月…
3.0,34.0,株式会社ドン・キホーテ | 東証一部上場PPIHグループ/大阪府緊急雇用対策に賛同/残業少なめ,【全国47都道府県の店舗】★北海道・北関東・中四国・九州エリア積極採用中★ ※初任地は現住所から通…,月給22万〜35万円 ※月間30時間の見込み時間外手当含む（固定残業手当3万9600円〜6万2900円） ★小売業…
3.0,35.0,日本生命保険相互会社 | 転居を伴う転勤なし★仕事もプライベートも楽しむ社員が活躍中,【本部または全国の支社・ライフプラザ・コールセンター】 ※採用時の居住地から通勤可能な範囲内で、応…,"月給204,010円（首都圏、東海、近畿） 月給194,010円（上記以外）"
3.0,36.0,株式会社ドン・キホーテ | 東証一部上場PPIHグループ/大阪府緊急雇用対策に賛同/残業少なめ,【全国47都道府県の店舗】★北海道・東北・北関東・中四国・九州エリア積極採用中★ ※初任地は現住所…,月給22万〜35万円 ※月間30時間の見込み時間外手当含む（固定残業手当3万9600円〜6万2900円） ★小売業…
3.0,37.0,メットライフ生命保険株式会社 | ★完全週休2日制★賞与年4回(個人業績による)★Web面談可,【下記都道府県にて募集】※転勤なし 北海道（札幌市）、岩手県（盛岡市）、宮城県（仙台市）、山形県（…,【初任給月給】25万円または30万円 ※平均給与月額実績71.2万円（2019年度の税込定例給与実績。賞与は除…
3.0,38.0,株式会社保険デザイン | 年間休日122日／残業少なめ／産・育休完備／時短勤務制度あり,【大阪、京都、奈良、兵庫、滋賀の各ショップでの勤務】 ※U・Iターン歓迎 〜 勤務地詳細 〜 【大…,■月給22万5000円〜25万円＋各種手当＋各種インセンティブ ※みなし残業代（月30時間／5万5000円〜を含…
3.0,39.0,株式会社フレッシュ青果 | 【大阪府緊急雇用対策に賛同】★年休108日/計画有給5日/面接1回,最大限希望を考慮☆原則望まない転勤ナシ！ ★★ 積極採用中エリア ★★ 東京、大阪、名古屋、鳥取…,"□東京/月給307,000円~ □兵庫・大阪・名古屋/月給287,000円~ □福岡/月給277,000円~ □岡山・北九州・鳥…"
3.0,40.0,株式会社ワット・コンサルティング | 質の高い研修が魅力！★未経験向け研修カリキュラム期間No.1,北海道から九州まで全国各地で大募集！ ※希望を考慮し配属します。 ※UIターンを考えている方も ご…,"【未経験】 月給19万5,000円〜24万円＋住宅手当＋各種手当 【経験者】 月給24万円〜45万500円＋住宅手当…"
3.0,41.0,株式会社セノン | 大阪府緊急雇用対策に賛同／賞与最大年3回／福利厚生充実,◎U・Iターン歓迎 ◎希望を考慮し、以下勤務地に配属いたします。 資生堂(大阪市内)・KDDI(大…,"月給17万5,000円~+各種手当+賞与 ※年齢・経験・スキルを十分考慮の上、当社規定により優遇いたします …"
3.0,42.0,株式会社夢テクノロジー | 未経験歓迎／新しいチャレンジ応援します！最大3ヶ月の研修有り,全国いずれかのプロジェクト先 【在宅勤務実施中です】※配属先によって異なります。 ※希望エリアを考…,◆月給19.5万円〜27万円(一律手当3万含む)＋残業手当100％＋交通費＋賞与2回 【研修期間中(1〜3ヶ月)も…
3.0,43.0,株式会社 夢真 | 東証一部上場企業グループ！【大阪府緊急雇用対策に賛同】,全国いずれかのプロジェクト先 ★あなたの好きな街でずっと働ける！転居を伴う転勤がない働き方ができま…,〈東京/大阪〉月給25万5000円〜 ※上記には30時間分/4万4000円〜の固定残業代含む ※残業時間超過分は別…
3.0,44.0,株式会社ワット・コンサルティング | CADの研修本も出版！★未経験向け研修カリキュラム期間No.1,北海道から九州まで全国各地で大募集！ ※希望を考慮し配属します。 ※UIターンを考えている方も ご…,"月給185,000〜230,000円＋住宅手当＋各種手当 ※経験・年齢を考慮の上、当社規定により優遇します。 ※住…"
3.0,45.0,株式会社夢真 | 東証一部上場グループの安定性！【大阪府緊急雇用対策に賛同】,全国いずれかのプロジェクト先 ★あなたの好きな街でずっと働ける！転居を伴う転勤がない働き方ができま…,〈東京/大阪〉月給25万5000円〜 ※上記には30時間分/4万4000円〜の固定残業代含む ※残業時間超過分は別…
3.0,46.0,株式会社夢真 | 東証一部上場企業グループ！【大阪府緊急雇用対策に賛同】,全国いずれかのプロジェクト先 ★あなたの好きな街でずっと働ける！転居を伴う転勤がない働き方ができま…,"月給:30万円〜 ※上記には固定残業代(7万7,000円〜/45時間分)含む ※残業時間超過分は別途支給。残業手…"
3.0,47.0,日本eリモデル株式会社 | 勤続1年以上の平均月収60万円【大阪府緊急雇用対策に賛同】,■宇都宮支店：栃木県宇都宮市 ■高崎支店：群馬県高崎市 ■埼玉支店 ：埼玉県さいたま市大宮区 ■千…,[1]月給19万500円〜24万3500円※勤務地により異なる （固定残業代5万3000円〜6万7500円／53h含。超過分別…
3.0,48.0,損保ジャパンパートナーズ株式会社 | SOMPOグループ/初年度平均年収400万円/インセン充実/未経験歓迎,☆希望勤務地に配属します！ ☆転居を伴う転勤はありません！ ☆全国の各拠点で募集しています！ ◆埼…,月給25万円〜＋インセンティブ＋諸手当 ※上記金額に損保担当加算給（年額18万円〜144万円、月額1.5万円…
3.0,49.0,株式会社夢真 | 東証一部上場企業グループ！【大阪府緊急雇用対策に賛同】,全国いずれかのプロジェクト先 ★あなたの好きな街でずっと働ける！転居を伴う転勤がない働き方ができま…,〈東京/大阪〉月給25万5000円〜 ※上記には30時間分/4万4000円〜の固定残業代含む ※残業時間超過分は別…
3.0,50.0,株式会社マイナビワークス | 【マイナビキャリレーション】#ネイル可#賞与年2回#リモートあり,【転勤なし！／希望勤務地に配属／全国募集】 【在宅勤務実施中です】 東京都（主として23区内）・神…,"月給 208,000円以上 + 各種手当 + 賞与年2回（首都圏） 月給 193,000円以上 + 各種手当 + 賞与年2回（大…"
6.0,1.0,株式会社ヒューマンウェイブ | 手に職をつける！TV・スマホ等に組込む”半導体”/全国募集,＼全国募集&UIターン歓迎！九州で積極採用中！／ ★引越し代、敷金・礼金などの初期費用支給 ★単身…,＜関東エリア＞ 月給21万円〜40万円＋賞与年2回＋諸手当＋残業代全額支給 ＜関西エリア＞ 月給20万円〜4…
6.0,2.0,ジブラルタ生命保険株式会社 | 社会貢献性の高いビジネス／Web面接可能,勤務地は希望を最大限考慮します 【全国にある営業部への配属】 ※石川県、茨城県、宮城県、静岡県(静…,"月給：234,800円〜375,680円 ※試用期間3ヶ月あり（期間中、待遇に変動なし） ※上記には固定残業代20時…"
6.0,3.0,学校法人三幸学園 | 64専門学校/1大学/1短期大学/2高等学校/保育施設を運営,全国の専門学校／高校／大学／地域広報室での勤務になります。 ※初任地より転居を伴う配属の可能性があ…,"月給229,700円以上 ※年齢・経験・能力等を考慮の上、当校規定により決定します。 ※時間外手当（残業代…"
6.0,4.0,株式会社成学社 | 【大阪府緊急雇用対策に賛同】★創業以来38年間業績右肩上がり★,★転居を伴う転勤なし★ 《関西》大阪／兵庫／京都／滋賀／奈良の各教室 《関東》埼玉／東京／千葉の各…,【関東勤務の場合】 月給23万8400円〜36万3000円+賞与年2回+各種手当 （月25時間相当分の固定残業代とし…
6.0,5.0,オムロン エキスパートリンク株式会社 | 【東証一部上場「オムロン」グループ】★完全週休2日制,【滋賀・京都・東京のオムロングループ事業所内】 または【関西・東海・関東の大手企業など】に配属しま…,■月給20万6500円以上＋諸手当＋賞与 ※経験・能力を考慮し優遇します ※残業代100％支給 モデル年収例…
6.0,6.0,株式会社東邦製作所 | 医療機器の滅菌器の提案、メンテナンスで医療をサポート,下記いずれかの勤務地に配属となります。 《関西営業所》 兵庫県尼崎市杭瀬北新町2-2-14 アクセ…,月給18万円〜25万円 ※年齢、経験、能力を考慮のうえ、決定します。 ※試用期間中(3ヶ月間)の給与の変動…
6.0,7.0,ウィンクルム株式会社 | ***土日祝日休み／未経験歓迎*** 【大阪府緊急雇用対策に賛同】,★転勤なし ■大阪本社／大阪市北区茶屋町1−27 ABC‐MART梅田ビル7F 【JR「大阪駅」よ…,月給25万円〜＋諸手当＋賞与年2回 ※インセンティブ多数あり ※経験・能力・年齢を考慮の上、当社規定に…
6.0,8.0,国際航業株式会社 | 日本アジアグループ株式会社（東証一部上場）のグループ会社,※転勤なし ※U・Iターン歓迎 関西事業所／兵庫県尼崎市西長洲町1-1-15 ⇒ JR「尼崎駅」よ…,月給24万5300円 ※経験・能力などを考慮し、決定します
6.0,9.0,株式会社野元メンテナンスサービス,全国47都道府県の開業希望エリア ※開業をご希望されるエリアにより異なります。,『1人で開業した場合の1ヶ月の収益モデル』 ■売上高／118万円 ・売上原価／5万9000円 ・販売費／7万3000…
6.0,10.0,ウィンクルム株式会社 | 【大阪府緊急雇用対策に賛同】※土日祝日休み／月給25万円以上,★転勤なし ■大阪本社／大阪市北区茶屋町1−27 ABC‐MART梅田ビル7F 【JR「大阪駅」よ…,月給25万円〜＋諸手当＋賞与年4回 ※インセンティブ多数あり ※経験・能力・年齢を考慮の上、当社規定に…
6.0,11.0,株式会社ピーアール・デイリー | 創立56年の歴史と安定性／年間休日120日以上／開所1年目,立地抜群！異国情緒にあふれる憧れの旧居留地エリアで勤務♪ 【神戸オフィス】 兵庫県神戸市中央区明石…,月給25万円以上（一律営業手当含む） 固定残業代3万5000円・月22時間相当を含む。 当該時間数を超える場…
6.0,12.0,株式会社ゴールドウイン | 《東証一部上場企業》★定着率93％★賞与年2回★産休育休制度,＜THE NORTH FACEを中心とした直営店舗にて活躍！＞ ★本人の希望を最大限に考慮します。…,◆販売経験者 月給：20万円以上＋賞与年2回 ◆販売未経験者 月給：18万円以上＋賞与年2回 ※経験・年齢…
6.0,13.0,株式会社ダイキチ,大阪、京都、滋賀（大津市）、兵庫県（神戸市）、愛知県（名古屋市）、岐阜、福岡エリア,【収益モデル例】 ■平均売上：73万円／月 （全FCオーナー874名、2020年5月度、平均年齢52.3歳） ■大阪…
6.0,14.0,株式会社ジャパン・リリーフ | 東証二部上場企業のグループ会社★完全週休2日,★原則転勤なし！U・Iターン歓迎 ★大阪支店・神戸支店で積極採用中！ ◆大阪支店★積極採用中！ 大…,【大阪支店・阪神支店・神戸支店】 月給23万円〜＋業績連動型賞与 ※上記金額には固定残業代（20時間分・…
6.0,15.0,カトウ工機株式会社 | 全国応募歓迎◎引越し費用の半額負担あり＼WEB面接も導入中／,【中部営業所(愛知県名古屋市)】【関西営業所(兵庫県神戸市)】いずれかの拠点 ※ご希望を考慮します…,月給21万円以上 ＋ 賞与年2回 ＋ 各種諸手当 ※経験・年齢を考慮の上、当社規定により優遇します。 ※試…
6.0,16.0,エア・ウォーター・マッハ株式会社 | 東証一部／札証上場である「エア・ウォーター株式会社」グループ,≪ U・Iターン歓迎／希望勤務地は確約 ≫ 台東区・名古屋市・大阪市・神戸市のいずれか希望する営業…,月給22万円以上（一律手当含む） ※年齢、経験、能力等を考慮の上、優遇します。 ★試用期間が3ヶ月あり…
6.0,17.0,株式会社京進 | 東証二部上場,【全国で1000ヶ所以上のエリアで出店が可能です】 ※フランチャイズ本部も東京・名古屋・京都に設置…,【年間モデル収益】 年間平均生徒数が60名の場合 ◎年間売上／2733万円 ・授業料、入学料　他 ◎年間諸費…
6.0,18.0,株式会社オービス | 《JASDAQ上場》伸び行く市場を開拓／納得の手当や福利厚生,【転勤なし／勤務地限定採用可】 希望や居住地に応じて（東京・千葉・名古屋・大阪・岡山・福山・広島・…,"—【東京】 月給：245,000〜425,000円（一律地域手当含む）+諸手当 ※月給に9〜16h分の固定残業代（28,0…"
6.0,19.0,株式会社トライアルカンパニー | ★コロナ禍でも影響なし！17年連続売上UPと安定成長中の企業,配属は所在地の都道府県 ※初任地は最寄りの店舗又は希望エリアを優先し配属します ※エリア内勤務、全…,月給20万3千円〜 ※能力、年齢などを考慮の上、決定いたします。 ※試用期間2ヶ月（賃金同一）。 ※上記…
6.0,20.0,株式会社グラニフ | ★Tシャツ×アートにとどまらず、業務拡大中！★残業月5h程度,＼全国で募集！名古屋・熊本・神戸・静岡で積極採用中！／ ★UIターン歓迎 ★本人が希望しない転勤は…,月給22万円〜30万円 ＋諸手当＋賞与 ★チームインセンティブあり★ ※経験・能力・スキルを考慮の上、決…
6.0,21.0,株式会社ピーアール・デイリー | 【創立56年の歴史と安定性】★東京都女性活躍推進大賞の大賞受賞,★転勤なし！東京本社と神戸オフィスにて積極採用中！ 【東京本社】 東京都台東区東上野4-8-1　T…,月給25万円以上（一律営業手当含む）＋ インセンティブ（実績に応じて毎月支給あり！） 固定残業代3万50…
6.0,22.0,株式会社WOOROM. | ★初年度年収500万円可能★賞与年2回！毎月インセンティブ有,【転勤なし／U・Iターン歓迎／マイカー通勤OK♪】 ＊静岡県浜松市、静岡市、兵庫県三木市、岡山県岡…,◆月給28万円〜＋インセンティブ＋賞与（年2回） ※前職給与を最大限考慮致します。 ※経験、能力を考慮…
6.0,23.0,株式会社ナチュレカード | 住まいのトータルサポート｜希望地で働ける！勤務地は原則自由,※自宅から検査現場に直行直帰していただきます。 ＜下記勤務地で業務可能＞ 北海道、宮城県、茨城県、…,完全出来高制（検査種別による） 報酬：2700円〜10700円／1件 ＜月収例＞ 月収50万円／検査数90件、日数…
6.0,24.0,株式会社ピーアール・デイリー | 代理店事業部【DACグループ】 【創立50年以上の歴史と安定性】,★★転勤はありません！★★ 本社／東京都台東区東上野4-8-1 TIXTOWER UENO　15F…,月給25万円以上 ※上記月給額は一律支給の固定残業代 　（3.5万円以上・月22時間分）含む 　該当時間を超…
6.0,25.0,東和産業株式会社 | 【不二工機グループ／冷凍・冷蔵・空調機器が専門／土日休み】,★原則転勤なし／U・Iターン歓迎！ ★盛岡・名古屋・仙台・大宮・高崎・千葉・東京・横浜・甲府・大阪…,月給22万5000円〜26万円＋賞与年2回（※昨年度実績：3.75ヶ月分） ★全エリア同一！東京水準です！ ※試…
6.0,26.0,アマゾンジャパン合同会社 | Amazonの正社員を目指せる/月給25万円以上/年間休日118日,【原則転勤なし】北海道札幌市（札幌駅から地下直結で徒歩5分） UIターンも歓迎！ ＜住所＞ 北海道…,月給25万円以上 ※経験・能力・前職の給与等を考慮し優遇 ※残業代別途支給 ※試用期間3カ月／待遇に…
6.0,27.0,ダイセーエブリー二十四株式会社 | 全国37拠点を展開中 ★every24の緑のマークでお馴染み★,【 転勤ナシ｜勤務地は希望を考慮 】 ●北陸・甲信越エリア 北陸SHC/石川県白山市/3t・4t…,月給24万2550~40万円 *上記は固定残業代42H分(5万7750~7万4400円)を含。超過分別途支給。 *試用期間3ヶ…
6.0,28.0,株式会社ダイヤモンドパーソネル | 【大手電機メーカーのグループ会社】転勤なし／在宅勤務導入中,【兵庫・香川・大阪・和歌山で募集！】 ■兵庫県神戸市 ■兵庫県姫路市 ■香川県丸亀市 ※マイカー通…,【未経験者】月給21〜23万円+残業手当全額支給 【経験者】月給24〜30万円+残業手当全額支給 （モデル年…
6.0,29.0,株式会社夢テクノロジー | 未経験からキャリアアップが叶うオフィスワーク！★残業少なめ★,全国いずれかのプロジェクト先 ※希望エリアを考慮 【在宅勤務実施中です】※配属先によって異なります…,◆月給19.5万円〜27万円(一律手当3万含む)＋残業手当100％＋交通費＋賞与2回 【研修期間中(1〜3ヶ月)も…
6.0,30.0,ナッシュ株式会社 | ～メディア注目の『nosh』を全国展開～大阪府緊急雇用対策に賛同,【転勤なし】 尼崎工場：兵庫県尼崎市杭瀬南新町3-4-66 →阪神なんば線「大物駅」より徒歩4分…,"◇月給：16万5,000円 〜 ※残業代は別途全額支給いたします。 ※年齢・経験・能力により優遇します ※試…"
6.0,31.0,株式会社シュゼット・ホールディングス | アンリ・シャルパンティエ、シーキューブ、カサネオ,関東・中部にある、 アンリ・シャルパンティエ、シーキューブ、カサネオの各店舗。 ※希望を考慮の上…,月給：20万7000円〜29万6000円 ※経験・能力を考慮の上、優遇 ※別途残業代は全額支給
6.0,32.0,藤原産業株式会社 | 創業124年、年商590億円の老舗専門商社／オープニング拠点あり！,【札幌商品センターは10月に新規オープン！】 匠台商品センター（兵庫県小野市）、東日本商品センター…,"月給20万5,000円〜 +諸手当 ＋賞与年2回 ※経験・スキルを考慮の上、決定します"
6.0,33.0,株式会社ドン・キホーテ | 東証一部上場PPIHグループ/大阪府緊急雇用対策に賛同/残業少なめ,【関西の店舗】 ※初任地は現住所から通勤可能な店舗 ※初回配属は希望を考慮 ※キャリアアップを目指…,月給22万〜35万円 ※月間30時間の見込み時間外手当含む（固定残業手当3万9600円〜6万2900円） ★小売業…
6.0,34.0,UTエイム株式会社 | 東証一部上場グループ／関西エリアでずっと働く！,【転勤なし】関西エリア(滋賀/京都/大阪/兵庫/奈良/和歌山)への配属 ☆U・Iターン歓迎！勤務地…,月給20万〜30万円 ※勤務地により異なります ※経験・能力などを最大限考慮して決定します ※試用期間あ…
6.0,35.0,サーモフィッシャーサイエンティフィック株式会社 | ライフサイエンス領域をリードするグローバルカンパニー,★首都圏もしくは西日本(関西)の各プロジェクト先 ★社用車あり 【各プロジェクト先】 ◆首都圏 ・…,月給：35万円〜45万円＋インセンティブ ※あなたの経験やスキルは最大限に考慮いたします。
6.0,36.0,株式会社ピーアップ | 全国200店以上の携帯ショップを展開◇平均年齢30歳◇未経験歓迎,《当社が運営する各キャリアショップにて勤務していただきます》 ・店舗は全国各地に！ご希望を考慮し配…,月給19万1000円以上＋地域手当＋資格手当＋残業手当＋インセンティブ ※月収想定22万以上スタート！ ※上…
6.0,37.0,パーソルマーケティング株式会社 | 【東証一部上場・パーソルグループ】☆正社員登用制度あり,全国の家電量販店、ショップで積極採用！ ＊転勤はありません ＊U／Iターン歓迎 東京 東京都新宿区…,月給:28万円以上 ※募集地域による給与の変動はありません。 ※上記月給には固定残業代（月20時間分／4…
6.0,38.0,株式会社グッドスピード | [東証マザーズ上場] ■9月オープン店舗のNEWスタッフ募集！,2021年9月1日にオープン予定の「MEGA SUV静岡店(仮)」 住所／静岡県静岡市清水区鳥坂5…,"【月給21万円以上】+インセンティブ ※月給には固定残業代40時間分、4万6,098円以上を含む。 　超過分は…"
6.0,39.0,株式会社夢真 | 東証一部上場企業グループ！【大阪府緊急雇用対策に賛同】,★関西いずれかのプロジェクト先 ★あなたの好きな街でずっと働ける！転勤はありません◎ ※U・Iター…,〈大阪〉月給25万5000円〜 ※上記には30時間分/4万4000円〜の固定残業代含む ※残業時間超過分は別途支給…
6.0,40.0,"UTパベック株式会社 | 【東証一部上場グループ】""あだ名""で呼び合う雰囲気が自慢♪",【転勤なし／車通勤OK】大阪府/京都府/兵庫県/岐阜県/三重県/静岡県/和歌山県/神奈川県のパナソ…,"月給181,000円〜250,000円＋各種手当 ※勤務地により異なります ※経験・能力などを最大限考慮して決定し…"
6.0,41.0,神戸合成株式会社 | 電気自動車にも必要とされ続ける「車・バイク用化粧品メーカー」,★関東営業所（東京都文京区）と名古屋営業所（名古屋市名東区）積極採用中★ 東京、愛知、宮城、兵庫、…,★あなたの希望合わせて選択してください ◆エリア限定勤務(転勤なし) 月給20万3000円〜40万5500円 ◆…
6.0,42.0,一般社団法人スポーツリパブリック | 女子プロバレーボールチーム『ヴィクトリーナ姫路』の専属担当,【株式会社姫路ヴィクトリーナ 本社】 兵庫県姫路市白銀町86番地 白鷺白銀町ビル2階 （各線「姫路…,月給40万円以上 + インセンティブ ※経験、能力を考慮し、優遇いたします。 ※試用期間2ヵ月あり（期間中…
6.0,43.0,株式会社大阪ダイケンビルサービス | 【全国各地にグループ会社】転勤なし｜募集人数10名｜賞与年3回,【希望をしっかり考慮】 大阪府・京都府・兵庫県の各拠点 ※複数名のスタッフが常駐する現場への配属で…,月給：19万円〜40万円 ※年齢、経験、能力を考慮の上、優遇します ※電験3種の方、優遇します。
6.0,44.0,株式会社マイナビ | 就職や転職などのあらゆる人生の岐路を支えるサービスを提供,◆東京を中心に全国各地で積極採用中◆ ★各拠点ともに駅チカの職場です！ 【首都圏】 東京（竹橋）本…,"月給19.0万円〜22.8万円 【想定月収 ※月給に手当を含んだ金額】 ◆月収303,035円 正社員26歳、社会人経…"
6.0,45.0,株式会社ウェブシャーク | 『Yogibo』の日本総代理店として注目の急成長企業,関東・関西・東海のYogibo Storeが配属先 ※勤務地は可能な限り、相談に応じます ■関東エ…,"月給：31万円〜 ※固定残業代込（30時間分58,829円） 　超過分は別途支給します。 ※年齢・経験・地域に…"
6.0,46.0,株式会社ユキリエ | 【完全週休2日制/年休125日以上】★20～30代活躍中,【転勤なし／U・Iターン歓迎！】 ■本社／東京都千代田区神田錦町1-16-1 いちご神田錦町ビル1…,年俸制276万円〜 ※経験やスキルを考慮の上、当社規定により優遇します。 ※固定残業代（月15時間相当分…
6.0,47.0,株式会社ネオキャリア | ◆介護系人材サービス｜業界トップクラス｜月給30万円｜土日祝休,全国60拠点／35都道府県展開 ◎U・Iターン大歓迎 ◎勤務地は希望を考慮 <東北> 札幌市/盛岡…,月給30万円〜50万円＋インセンティブ（実績に応じ支給） ※年齢・経験・前職の給与を考慮し決定いたしま…
6.0,48.0,株式会社ネオキャリア | ◆介護系人材サービス｜社会に必要不可欠な仕事 ◎土日祝休,全国60拠点／35都道府県展開 ◎U・Iターン大歓迎 ◎勤務地は希望を考慮 <東北> 札幌市/盛岡…,月給30万円〜50万円＋インセンティブ（実績に応じ支給） ※年齢・経験・前職の給与を考慮し決定いたしま…
6.0,49.0,星光ビル管理株式会社 | 【日本生命グループ】創業71年／賞与年2回／資格取得支援あり,希望と居住地を考慮し、兵庫県内のクライアント先へと配属します。 ★神戸を代表する高層ビルや大型オフ…,月給16万9200円〜32万円 + 賞与年2回（2ヶ月分） ※経験、資格、スキルを考慮し決定します。 ※試用期間3…
6.0,50.0,みつわ環境開発株式会社 | 【神戸募集】神戸製鋼所内の火力発電所でインフラを支える！,【転勤ナシ】兵庫県神戸市灘区灘浜東町２ ※神戸製鋼所神戸線条工場内です。,"月給：216,000円〜280,800円 ＜モデル月収＞ ＝残業30時間の場合＝ 341,738円／40代6年目 ＝残業ゼロの…"
7.0,1.0,株式会社三共冷熱 | 年間休日121日◎転勤なし◎U・Iターン支援金など多彩な福利厚生,広島県福山市松浜町4-2-22 【転勤なし／原則転勤なし／マイカー通勤OK】,年俸制：310万〜500万円 + 決算賞与別途支給 ※経験・年齢を考慮の上、優遇します。 ※前職給与を最大限…
8.0,1.0,株式会社FLI | 【大阪府緊急雇用対策に賛同】大手ハウスメーカーとの提携有！,東京本社 └東京都中央区銀座1-6-16銀座1616ビル8F さいたま支店 └埼玉県さいたま市大宮…,月給23万円〜30万円＋インセンティブ＋各種手当 ※前職での給与やスキル・経験を考慮の上で決定します
8.0,2.0,株式会社リンクトラスト | 【大阪府緊急雇用対策に賛同】即戦力は月給30万円～ + インセン,【本社住所】 大阪府大阪市西区靱本町1丁目4番8号　本町KAZビル3F 【アクセス】 Osaka…,《経験者》月給27万円〜＋ 諸手当 + インセンティブ 《経験者 ※即戦力》月給30万円〜＋ 諸手当 + インセ…
8.0,3.0,株式会社ハーディ | 屈指の製品シェアを誇る「ハードグラス工業」のグループ企業,【転勤なし／自転車・バイク通勤OK・マイカー通勤相談可】 ◆本社／兵庫県川西市加茂6丁目101-1…,月給／20万円〜35万円 ※経験・能力・適性などを考慮のうえ、優遇いたします
8.0,4.0,日本物産株式会社 | 【創業103年】内装資材等のインテリア商品を取り扱う専門商社,【転勤なし／勤務地は希望を考慮】 灘センター（神戸市）または加古川営業所（加古郡播磨町）での勤務…,月給23万円〜（一律手当含む）＋ 賞与年2回 + 決算賞与（6年連続、決算賞与支給） ※年齢・経験・スキル…
8.0,5.0,播磨土建工業株式会社 | ＼まもなく創業100年／ 兵庫のインフラを支える優良企業,☆地域密着で働く ☆U・Iターン歓迎 ☆マイカー通勤可（駐車場あり） 【本社】 兵庫県赤穂郡上郡町…,月給／20万円〜40万円 + 諸手当 + 賞与年2回 ※経験、能力、資格を考慮し、加給優遇します。 ※施工管理…
8.0,6.0,CAGAMI合同会社 | 業界経験者が”最後の転職先に選ぶ”総合建設コンサルタント,【希望や自宅からの範囲を考慮して配属いたします】 兵庫県内を中心に、北海道、東北、沖縄以外の 全国…,◆月給35万円〜60万円 ※年齢・経験・スキルを十分考慮の上、 　当社規定により優遇いたします ※希望…
8.0,7.0,社会福祉法人すみれ会 | 医療・福祉・介護・教育と多彩な施設を運営するスミレ会グループ,【2021年4月オープンの新施設（兵庫県神戸市）】 ★3月のご入職、またはオープンまで既存施設での…,"月給15万9,000円〜26万9,000円 ＋ 諸手当 +賞与年2回 ※上記はあくまでも最低保障です ※年齢、経験、能…"
8.0,8.0,株式会社シンワ工業 | 公共施設案件を多数手がけ、安定性抜群◇転勤なし,兵庫県姫路市大津区真砂町32-2 ★転勤なし ★マイカー通勤OK,月給22万〜35万円+諸手当 ※あなたの経験や年齢等を考慮し、支給額を決定します 【給与例】 月収24万円…
8.0,9.0,株式会社ファミリーマート | ★未経験歓迎★ファミリーマートで地域密着！,【希望勤務地近くに配属（直営店がない場合は転居あり）】 ※西日本エリアの直営店（宮崎・鹿児島・沖縄…,月給：26万円以上(一律手当含む)＋各種手当＋賞与年2回 ※上記には固定時間外手当3万円〜(17時間分)を含…
8.0,10.0,株式会社ケーピープラテック | 創立53周年を迎える安定企業｜大手飲食チェーン等と取引,【兵庫（加東市・多可郡多可町）、茨城（古河市）】 ※いずれかの拠点へ配属します！ ※勤務地は希望を…,◆月給21万円以上＋賞与年2回 ※経験・年齢を考慮の上、当社規定により優遇いたします。 ※試用期間2ヶ…
8.0,11.0,株式会社カデックス | ＜優良申告法人・自己資本率80％・無借金経営の安定企業＞,【転勤なし／U・Iターンも歓迎！】 ◆本社… 兵庫県神戸市兵庫区東山町1丁目11番2号 《交通アク…,月給28万円〜45万円 ※年齢・能力・経験・前職給等を考慮の上、決定致します。 ※試用期間6ヶ月あり（待…
8.0,12.0,三和ペイント株式会社 | ☆先輩社員のほとんどが年収UP！裁量大きく活躍可！☆全国募集,＼全国の支店で募集！UIターン歓迎／ ※希望勤務地への配属となります。 ※勤務地によりマイカー通勤…,"月給23万円＋業務手当＋インセンティブ ※上記には固定残業代（月30時間・3万8,000円）を含みます。 　…"
8.0,13.0,株式会社パティシエ エス コヤマ | PATISSIER eS KOYAMA｜充実の福利厚生（社員寮・時短勤務OK等）,《転勤なし！U・Iターン歓迎/社員寮完備/住宅手当あり》 ◆兵庫県三田市ゆりのき台5丁目32-1…,【店長候補】 ◆月給25万円以上 + 各種手当（住宅・家族手当など） 【販売スタッフ】 ■月給18万円以上 …
8.0,14.0,株式会社ランドウィック | 【週休2日制（土・日）でプライベートな時間もしっかり確保】,【配属は希望を考慮！埼玉・神戸での募集】 ※原則転勤なし ※社用車1人1台貸与（通勤使用もOK）…,◆月給20万円〜30万円＋諸手当 ※経験・年齢・能力などを考慮の上、決定いたします。 ※試用期間3ヶ月あ…
8.0,15.0,株式会社コバード | 創業127年！無借金経営の安定基盤／Web面接可※みんな定時退社♪,【転勤なし！UIターン歓迎】 ◆東京支店／千葉県市川市関ヶ島15-9 ※東京メトロ東西線「行徳駅・…,◆月給23万円〜60万円+諸手当 ◆食品機械業界の経験者／月給30万円〜60万円+諸手当 ◆食品機械業界の営業…
8.0,16.0,アエロエンジニアリング株式会社 | 創業42年、立体駐車場メーカー各社と取引する安定企業,◆東京都、千葉県、埼玉県、神奈川県の各拠点の勤務となります。 ※希望を考慮して決定します。 【東京…,月給20万円〜27万円 ※経験・スキルを考慮して決定します。 ※試用期間3ヵ月あり（同条件）
8.0,17.0,株式会社ネクステック | 大手企業との取引実績多数⇒会社情報をCHECK！ポストチャンス大,▼福岡・香川・大阪のいずれかの勤務地へ配属▼ ※希望は最大限考慮します！ ■福岡本社 福岡市博多区…,月給20万円〜 ＋ 諸手当 ※経験・能力・年齢を考慮し、当社規定にて優遇します。 ※待遇条件の詳細につ…
8.0,18.0,株式会社アーサ | 【介護福祉用品のレンタル・リフォーム事業】土日休み/昇給年2回,【転勤なし／U・Iターン歓迎！】 □本社／神戸市西区伊川谷町有瀬624-1 ＜アクセス＞ ◎マイカ…,【実務未経験者】月給20万円〜 + 諸手当 + 賞与（年2回） 【経験者】月給26万円〜45万円 + 諸手当 + 賞与…
8.0,19.0,株式会社イノウエプラスチック | 毎年必ず昇給！キャリア＆年収アップも目指せます,【転勤なし／Ｕ・Ｉターン歓迎！】 兵庫県姫路市別所町家具町126-10 ※マイカー通勤可 ＜アクセ…,◆月給23万〜25万円＋各種手当 　⇒月収例：30万円／1年目 ◆将来的な給与例 月収50万円／年収600万〜70…
8.0,20.0,姫路住設建材株式会社 | パナソニック(株)住建代理店　★転勤なし ★定着率も抜群,☆転勤はありません ☆マイカー通勤可 ☆U・IターンOK 【本社】兵庫県姫路市林田町下伊勢575,月給／19万6000円〜24万3200円＋諸手当 ※年齢、経験、能力を考慮の上、優遇いたします ※固定残業代（20…
8.0,21.0,株式会社神戸製鋼所 | 【KOBELCO／東証一部上場】★山口限定募集！安定環境で長く活躍,※転勤無し・U／Iターン歓迎 ※マイカー通勤OK 【長府製造所】 山口県下関市長府港町14-1 交…,"■月給：17万3,300円〜24万1,000円+各諸手当 【モデル月収例】 25歳／月収26万円（残業月20時間程度、3…"
8.0,22.0,株式会社ネクステック | ■社内100％異業種から転職 ■研修充実 ■月8日以上休み,▼福岡・兵庫・名古屋のいずれかの勤務地へ配属▼ ※希望は最大限考慮します ■福岡本社 福岡市博多区…,月給20万円〜 ＋ 諸手当 ※経験・能力・年齢を考慮し、当社規定にて優遇します。 ※待遇条件の詳細につ…
8.0,23.0,岐阜プラスチック工業株式会社 | プラスチック製品リーディングカンパニー／連結978億円・2400名,《 基本転勤なし｜車通勤OK 》 福島工場・山梨工場・本社工場（岐阜）・兵庫工場 ※お住まいや希望…,"基本給（ 月給 ）174,660円〜254,569円＋各種手当＋賞与2回 ★賞与：年間4.8ヶ月（2020年度組合員実績） …"
8.0,24.0,株式会社ユービーエム | 【大阪府緊急雇用対策に賛同】総合物流大手・ウエダグループ,☆転勤なし ☆マイカー・バイク・自転車通勤OK 【舞洲営業所】 大阪府大阪市此花区北港白津1-1-…,月給／30万円以上(一律手当含む)＋諸手当 ※経験や能力、年齢などを考慮の上で月給額を決定します。 ※…
8.0,25.0,株式会社ハイファイブ | 【大阪府緊急雇用対策に賛同】★残業少なめ　★月給25万円～,★ず〜っと関西で働けます★ ※転勤なし ※自宅から勤務先に直行直帰 ■大阪府／大阪市・東大阪市・柏…,月給25万円〜+各種手当（高収入を目指せます） ※あなたの年齢・スキルに合わせて決定します ※試用期間…
8.0,26.0,株式会社ニッショー・エステート | 【働きやすさが向上中！日曜日が定休日の不動産管理会社です】,《転居を伴う転勤なし！地域密着で活躍♪》 ※車通勤OK ※U・Iターン歓迎 本社／兵庫県姫路市飾磨…,固定給制 月給22万円以上 + 残業・家族・住宅・資格手当など ※宅建資格をお持ちの方は別途2万円を支給！…
8.0,27.0,旭化成ホームズ株式会社 | 選考前のWEB転職セミナーを月2回開催／大阪府緊急雇用対策に賛同,【全国の各支店】 ■東京営業本部 東京都：墨田区／豊島区／新宿区／目黒区／千代田区／立川市 山梨県…,"月給22万5,800円以上＋時間外手当・各種手当＋賞与年2回 ◎昨年度の賞与実績／月給7ヶ月分 ◎上記は新卒…"
8.0,28.0,株式会社セリオ | ★業界大手の電動カート・電動車いす・電動自転車の専門会社★,＜1＞営業：全国36ヶ所の営業所(勤務地応相談！転勤可能者優遇)◎積極採用中 ＜2＞店舗担当：★印…,"月給20万円〜30万円（一律手当含む） 固定残業代（2万1,600円〜3万2,400円含む） ※固定残業代は15時間分…"
8.0,29.0,株式会社デザートランド | 間もなく設立50周年！全国に展開する手作りデザート専門メーカー,◆◆ 転勤なし・家賃補助制度あり ◆◆ ◎九州工場／ 福岡県糟屋郡須恵町大字植木1703 ≪ アク…,"25歳以上：月給231,570円〜 + 諸手当 + 賞与年2回 *18歳以上：月給193,770円〜 + 諸手当 + 賞与年2回 …"
8.0,30.0,ジンマー・バイオメット合同会社 | 整形外科分野でのマーケットシェアは世界トップクラス,【採用エリア／自宅を拠点にした直行直帰スタイル】 東京都 埼玉県 神奈川 千葉県 石川県 富山県…,年俸制370万〜670万円 ※経験・スキルを考慮して決定します。 ※毎月年俸の1/12を支給します。 ★別途セ…
8.0,31.0,株式会社平山 | 【大阪支店】JASDAQ上場の平山ホールディングスグループ中核企業,車・バイク・自転車・電車通勤OK！ ＜積極採用中＞ ◆大阪府堺市 ◆大阪府枚方市 大阪府、滋賀県、…,日給月給18万円〜28万円＋諸手当＋賞与 最大46万円の定着金あり！ ※給与に関しては勤務地により変動しま…
8.0,32.0,社会福祉法人 豊中福祉会,【転勤なし！最寄り駅から徒歩圏内】 ■ローズガーデン甲子園：兵庫県西宮市甲子園九番町10-50 《…,"■月給23万5,000円以上＋各種手当＋賞与年2回 ※経験、能力を考慮の上、優遇いたします ▼経験に応じて …"
8.0,33.0,株式会社徳潤 | 《カラダの悩みに寄り添う専門メーカー》月給26万円～+賞与年2回,【転勤なし／U・Iターン歓迎！】 ★阪神「神戸三宮」駅より徒歩5分！ ■兵庫県神戸市中央区御幸通4…,■月給26万円〜 + 諸手当 + 賞与(年2回) ★待遇条件の詳細については、 　面接でご相談ください！ ※上…
8.0,34.0,学校法人上智学院 | 【上智大学】※応募 9/3(金)消印有効,所在地／東京都千代田区紀尾井町7-1 ※将来的に、神奈川県・大阪府・兵庫県・広島県・福岡県のキャン…,"大学卒初任給：月給22万8100円〜＋期末手当(年2回) ※29歳例 月給294,700円(税込)＋期末手当(職務経験者…"
8.0,35.0,クモノスコーポレーション株式会社 | 【大阪府緊急雇用対策に賛同】世界トップクラスの3D測量技術！,※U・Iターン歓迎！ ◆大阪本社 大阪府箕面市船場東2-1-15 ◆尼崎支店 兵庫県尼崎市築地2-…,月給20万円以上 ※経験・能力を考慮の上決定致します。 ※残業代別途全額付与
8.0,36.0,株式会社リクルートスタッフィング | 安定企業で働ける★応募時に志望理由&自己PRがなくても大丈夫♪,＜転勤なし！＞ ◆大阪府、兵庫県、京都府の企業 (大阪、梅田、京橋、淀屋橋、心斎橋、新大阪など駅近…,大阪府：月給19万2千円〜＋賞与年2回＋残業代 兵庫県：月給18万2千円〜＋賞与年2回＋残業代 京都府：月給…
8.0,37.0,吉川工業株式会社 | グループ連結売上600億円超え！2020年に100周年を迎えました！,【 転勤なし 】 日鉄ステンレス山口製造所光エリア構内 山口県光市島田3434番地 ※マイカー通勤…,"月給162,100円〜191,640円 ＋ 諸手当 ※モデル月収例／ 月収27万円（ 入社1年目／31歳 ） ┗ 内訳：月給…"
8.0,38.0,吉川工業株式会社 | グループ連結売上600億円超え！2020年に100周年を迎えました！,【 転勤なし 】 北海道室蘭市仲町16番地1 ※マイカー通勤OK ※U・Iターン歓迎 ★独身寮をご…,"月給174,000円〜250,000円 ＋ 諸手当 ※入社1年目のモデル月収例※ 30歳／扶養あり：月収24万円 20歳／…"
8.0,39.0,株式会社神戸製鋼所 | 東証一部上場企業／遠方にお住まいの方はWEB面接も可！,★三重県いなべ市 ★入社時の引っ越し費用は会社負担！ ★遠方の方はWEB面接可！ ★独身寮完備 ★…,"月給：173,560円〜＋各種手当 ※試用期間2ヶ月あり（期間中待遇の変動なし） ※残業手当有（全額支給） …"
8.0,40.0,株式会社サンビルダー | 創業40年以上、不動産事業で黒字経営を継続中！完全週休2日制,【本社】神戸市中央区旗塚通6丁目2番2号サンビルダー55ビル ＜アクセス＞ ◆JR・阪急「春日野道…,"◆年俸制／270万円〜420万円+別途手当(残業代全額支給) （月支給額／22万5,000円〜35万円+別途手当(残業…"
8.0,41.0,株式会社共和コーポレーション | 東証2部上場　◇AM施設「APINA」やボウリング場等を運営,全国の「アピナ」他　各店舗 ※最初の勤務地は希望エリアの配属となります。 ※勤務エリア限定の採用も…,月給20万〜33万円 ＋ 通勤手当 ※経験、スキル、前職の状況等を考慮の上で決定します。
8.0,42.0,中西不動産株式会社 | 地域最大級の物件情報を保有！地域密着で長いお付き合いが可能！,【本社または大久保店のいずれかに配属】 ※転勤なし ※U・Iターン歓迎 本社／兵庫県姫路市南駅前町…,月給25万円以上＋諸手当＋インセンティブ ※経験や年齢などに関係なく、チャンスがあります！ ※成果に…
8.0,43.0,株式会社ウィルウェイ | 馬渕教室/東進衛星予備校/馬渕個別/キッズクラブ/epion,個別指導「馬渕個別」の各教室 ●大阪府内（45校） ●奈良県内（6校） ●兵庫県内（8校） ●京都…,●経験者 月給30万円以上 ※30時間分の固定残業代5万8000円を含む。超過分は別途支給。 ※37.5時間分の…
8.0,44.0,布亀株式会社 | 【大阪府緊急雇用対策に賛同】未経験でも月給28万円を確約,希望を配慮して全国の拠点のいずれかに配属します ※転居を伴う転勤はありません。 ※通勤車貸与あり／…,月給28万円 または[月給23万円＋インセンティブ]の多い方を支給 ※入社1年間は育成期間として上記給与、…
8.0,45.0,株式会社明藤リンク | ◎経験者：月給35万円以上 ◎大規模案件実績多数 ◎社宅あり,【 配属先は希望を考慮、社員寮、寄宿舎の利用OK! 】 全国47都道府県の各プロジェクト先にて勤務…,経験者：月給35万円〜65万円 未経験：月給25万円〜 ※あなたの経験・能力を考慮の上、優遇いたします。 …
8.0,46.0,株式会社キユーソー流通システム | 【東証一部上場】★未経験歓迎★育産休取得実績多数,【茨城・兵庫・佐賀募集！／転勤なし／マイカー通勤OK】 下記事業所の中で希望する営業所となります。…,"月給189,800円〜221,800円 ※年齢・経験・能力を考慮して決定します。 ※試用期間3ヵ月あり（待遇に変化…"
8.0,47.0,日本フレーバー工業株式会社 | 飲料などの香りをつくる“香料”のパイオニアメーカー,■兵庫県三田市テクノパーク21-8 ※U・Iターン歓迎、転勤はありません ※マイカー通勤可 【アク…,■月給／19万8200円〜24万7400円+諸手当+賞与年2回 ※経験・年齢を考慮の上、当社規定により優遇します。…
8.0,48.0,株式会社夢真 | 【大阪府緊急雇用対策に賛同】★入社祝い金10万円支給,全国のプロジェクト先 ★希望エリアを考慮＆転勤なし★ ※U/Iターン歓迎！ 好きな街で長く腰を据え…,基本給月給65万〜100万円 ★前職給与を考慮＆残業代100％支給(1分単位)★ ※年齢、経験、能力を考慮し、…
8.0,49.0,株式会社アサヒファシリティズ | 【竹中工務店グループで安心の無借金経営◎】★名古屋支店の募集,◆名古屋市を中心としたビル・商業施設・学校・病院等 ※勤務地は勤務可能圏内にて決定 ※勤務地への直…,◆月給18万5000円〜26万4800円/基本給 ※経験・資格・年齢等を考慮し、基本給を決定しますが 保有資格・…
8.0,50.0,株式会社アクレット | 世界的メーカーと直接取引｜”多言語対応サイト”制作で実績多数,■□ オフィスは旧居留地内＆駅近 □■ 兵庫県神戸市中央区江戸町104 江戸町104ビル 3F ☆…,月給／20万円〜35万円 + 賞与年2回 ※経験、能力を考慮し、優遇いたします。 ※試用期間6ヶ月あり（期間…
9.0,1.0,株式会社アクレット | 【世界的メーカーと直接取引】「Drupal」に強い希少な会社！,■□ オフィスは旧居留地内＆駅近 □■ 兵庫県神戸市中央区江戸町104 江戸町104ビル 3F ☆…,月給／20万円〜35万円 + 賞与年2回 ※経験、能力を考慮し、優遇いたします。 ※前職給与を十分に考慮しま…
9.0,2.0,株本建設工業株式会社 | 【公共工事の元請け◎総合建設会社】☆ここ数年離職者↓の好環境,☆U・Iターン歓迎 ☆マイカー通勤可（無料駐車場あり） ☆現場へは直行直帰となります。 【本社】兵…,"月給／19万6,000円〜39万円 + 賞与年3回（昨年実績4か月分） ※経験、能力を十分考慮し、優遇いたします …"
9.0,3.0,東洋工業株式会社 | 【大阪府緊急雇用対策に賛同】★土日休み／働き改革実施中！,★大阪・神戸での募集★ 【貸与する営業車で通勤!直行直帰OK(担当は関西エリア一円)】 ◆大阪営業…,◆月給：23万円〜30万円 ＋ 諸手当 ※経験・年齢を考慮の上、当社規定により優遇します ※試用期間6ヶ月…
9.0,4.0,株式会社パティシエ エス コヤマ | PATISSIER eS KOYAMA｜WEB面接OK/社員寮あり/遠方応募も大歓迎,《転勤なし！U・Iターン歓迎/社員寮完備/住宅手当あり》 ◆兵庫県三田市ゆりのき台5丁目32-1…,月給20万円以上 + 各種手当（住宅・皆勤・家族手当など） ※前職給与・スキル・経験・年齢を考慮のうえ…
10.0,1.0,一般社団法人 全日検 | 《未経験OK★年休120日》2021年10月1日に入職できる方を募集！,UIターン＆遠方応募も大歓迎！ ★飛島 or 名古屋港の事務所での勤務です。 飛島：愛知県海部郡飛…,《 月給17万200円以上 》 ★あなたの経験・年齢・能力などを考慮して、決定します。 ★当初1年間は契約…
10.0,2.0,オリエント住宅販売株式会社 | ◆広告投資に積極的!◆20代～30代活躍中◆未経験スタート多数,【配属は希望を考慮！本店（大阪市）・堺店（堺市）・東大阪店（東大阪市）・兵庫店（西宮市）での募集で…,月給25万円〜＋歩合給 【年収例】 876万円／入社2年6ヶ月（26歳） ※月給28万円＋歩合給45万円（売買月2…
10.0,3.0,株式会社ティゲスファスナーテクノロジー | 【TIGGESグループ】世界トップクラスの外資系ネジメーカー,■神戸市東灘区向洋町東3丁目 ※U・Iターン歓迎 ※転勤はありません 【交通アクセス】 六甲ライナ…,■月給：20万円以上＋諸手当 ※経験・年齢を考慮の上、当社規定により優遇します ※3ヶ月間は研修期間（…
10.0,4.0,新教育総合研究会株式会社 | 大阪府緊急雇用対策に賛同｜ホワイト企業大賞など多数受賞歴あり,【転勤なし／大阪本社】 ◆大阪市北区東天満1-10-12 エル・エスト不動産 天満ビル2F・7F,"◆月給23万500円〜 ※経験・スキル・能力を考慮の上、決定します ※上記月給には固定残業代5万5,000円〜…"
10.0,5.0,帝産観光バス株式会社 | 【「働きやすい職場認証制度」認証】Web面接OK／社宅あり（※）,【京都・大阪・神戸・奈良のいずれかに配属します】 ★基本、転勤はありません。 ★勤務地はご希望を考…,"月給／30万円〜40万円（一律手当含む） ※2017年4月1日から基本給13,000円アップしました！ ※経験や能…"
10.0,6.0,株式会社グッドスタッフ | ◆WEB面接OK◆積極的に新規事業展開／20代活躍中！役職者多数,★全国募集／WEB面談随時実施中！《土日：夜間も応相談》★ 首都圏勤務、関西圏勤務、中部圏勤務、転…,"月給：206,786円〜 ※経験・年齢などを考慮し、決定します。 ※上記には20時間分の固定残業代（26,786円…"
10.0,7.0,コーリュウ株式会社 | 新しい雑貨の企画・提案｜年間休日126日！転勤なし＆残業少なめ,◇本社／兵庫県神戸市長田区細田町4丁目1-20 ※転勤はありません <アクセス> JR「新長田」駅…,月給：24万円〜32万円 ＋ 諸手当 ※上記はあくまでも最低保障です ※年齢、経験、能力を考慮の上、優遇い…
10.0,8.0,伸栄産業株式会社 | ＼設立60周年・厚木営業所が募集／◎残業月20h ◎年間休日117日,★原則転勤なし／「本厚木駅」より徒歩15分／1人1台社用車支給！／ 【厚木営業所】 神奈川県厚木市…,【月給21万5000円〜25万5000円】 ※上記月給には、定額時間外手当（3万9700円〜7万500円／31.33〜52.84時…
10.0,9.0,株式会社土屋 | 《 実質年休110日以上 》自宅近隣へ直行直帰／服装・髪型自由！,＼ 自宅から直行直帰スタイル ／ ★中四国エリア限定採用 ★会社都合での転勤ナシ！ ▼事業所 岡山…,"月給 18万円〜 + 手当 ※年齢、経験、能力を考慮の上、優遇します。 ※夜勤手当5,000円/回は別途支給。 …"
10.0,10.0,株式会社MKテクノス | 大手一流企業との取引実績多数！プラントに特化した新設企業,【希望を最大限考慮のうえ決定します】 ◎北海道・東北・関東・東海・北陸・関西・中国地方・九州の各プ…,【未経験者】 ◆月給24万円以上＋残業代＋一律手当 【経験者】 ◆月給40万円以上＋残業代＋一律手当 ※…
10.0,11.0,株式会社シャトレーゼ | ★年間休日110日 ★賞与年2回★産休・育休実績有★WEB面接可,【神戸工場募集！】 ■神戸工場（兵庫県神戸市） 兵庫県神戸市西区池上3丁目5-3,"月給17万7,800円〜20万9,800円 ※年齢・経験を考慮して決定します。 ※試用期間2ヶ月あり、その間の給与…"
10.0,12.0,住友林業ホームエンジニアリング株式会社 | 東証一部上場・住友林業株式会社100％出資のグループ会社,◆東京発注情報センター／東京都渋谷区初台1-34-14　初台ＴＮビル2階 ◆兵庫発注情報センター／…,"月給24万円〜30万円 ※上記には見込み残業代（月26時間分／50,000円〜)含む。 超過分は別途支給致します"
10.0,13.0,株式会社土屋 | 《 実質年休110日以上 》自宅近隣へ直行直帰／服装・髪型自由！,＼ 自宅から直行直帰スタイル ／ ★北海道・東北エリア限定採用 ★会社都合での転勤ナシ！ ▼事業所…,月給 18万円〜 + 手当 ※福島県のみ上記＋地域手当2万円を加算。 ※年齢、経験、能力を考慮の上、優遇し…
10.0,14.0,株式会社ARTE | 【大阪府緊急雇用対策に賛同】事業開始13期目！成長企業の一員に,★転居を伴う、転勤はありません #新店舗OPEN予定あり！ 兵庫・大阪のいずれかのキングラムの店舗…,月給22万2900円以上＋諸手当＋賞与（年4回） ※経験・年齢の給与などを考慮の上、決定します。 ※試用期…
10.0,15.0,株式会社土屋 | 《 実質年休110日以上 》自宅近隣へ直行直帰／服装・髪型自由！,＼ 自宅から直行直帰スタイル ／ ★関東エリア限定採用 ★会社都合での転勤ナシ！ ▼事業所 東京都…,【南関東・東京勤務】 月給 22万円〜 + 手当 【北関東勤務】 月給 20万円〜 + 手当 ※年齢、経験、能力…
10.0,16.0,出光リテール販売株式会社 | 関西カンパニー【出光興産株式会社100%出資企業】,大阪府・兵庫県内の店舗への配属となります（勤務地は希望考慮） ☆転居をともなう転勤はありません ☆…,月給20万円〜35万円＋各種手当＋賞与年2回 ※上記に時間外手当は含まれておりません ※試用期間3ヵ月（条…
10.0,17.0,株式会社土屋 | 《 実質年休110日以上 》自宅近隣へ直行直帰／服装・髪型自由！,＼ 自宅から直行直帰スタイル ／ ★関西エリア限定採用 ★会社都合での転勤ナシ！ ▼事業所 奈良県…,"月給 20万円〜 + 手当 ※年齢、経験、能力を考慮の上、優遇します。 ※夜勤手当5,000円/回は別途支給。 …"
10.0,18.0,株式会社新生工務 | 《20年以上、業績が右肩上がり!》◎土日祝休みが基本 ◎転勤なし,【愛知、宮城、埼玉、神奈川、静岡、兵庫、岡山、広島、福岡、熊本のいずれか】 ★ご希望の勤務地で！…,【月給23.5万円〜＋諸手当+賞与（年2回）】 ※試用期間あり（3ヵ月） 　試用期間中の給与や待遇に変動は…
10.0,19.0,都ユニリース株式会社 | 【創業約50年／企業向け制服・医療用白衣などを手掛けています】,★勤務地は希望を最大限考慮 [岡山(倉敷)/神戸/札幌/茨城/東京/名古屋/仙台/金沢/大阪/広島…,"月給23万9,014円〜32万5,145円 ＋ 報奨金+諸手当 ※年齢、経験、能力を考慮して優遇します。 ※上記月給…"
10.0,20.0,スメラ株式会社 | 学生服メーカーの瀧本グループ｜夏期は10日間の大型連休あり,【新開地駅より徒歩5分】 兵庫県神戸市兵庫区大開通3-1-23 ※自転車OK ※転勤はありません,月給21万円〜+諸手当(残業代別途支給)+賞与年2回 【年収例】 32歳／年収400万円 ※あなたの経験や年齢…
10.0,21.0,"株式会社KTK | 【河合塾マナビス】5,000円～最大5万円昇給★転居を伴う転勤なし",大阪（高槻・石橋・茨木）、兵庫（加古川）の4校舎 ※希望を考慮し、配属先は決定します ※転居を伴う…,月給21.5万円〜28万円＋インセンティブ（毎月最大6万円の支給実績あり！） ※経験・能力を考慮の上、当…
10.0,22.0,株式会社 大進 | 【専門メーカー】昨年売上110％/賞与年２回支給/残業ほぼなし,＜転勤なし／マイカー通勤可能＞ ◆本社 兵庫県小野市神明町152-1 ※U・Iターン歓迎 ★近隣か…,◆月給／19万5000円〜26万5000円 ＋ 諸手当 + 賞与 ※上記はあくまでも最低保障です ※年齢・経験・スキ…
10.0,23.0,株式会社アプローズ不動産販売 | ★年収1000万円以上も可能★完全週休2日制,【本社】兵庫県尼崎市武庫之荘2-21-16 入社後、まずは本社に配属。 ゆくゆくは新規出店する店舗…,◆月給25万円〜70万円+各種手当 給与額は経験やスキルを考慮して決定します。 試用期間（3か月）も待遇に…
10.0,24.0,三陽工業株式会社 | 設立以来の黒字経営｜兵庫密着で働く｜完全週休2日(土日祝休み),U・Iターン歓迎 転居を伴う転勤はありません 《神戸市・明石市・加古川市・三木市・高砂市・小野市・…,■月給／18万2000円以上 + 諸手当 + 賞与年2回 ※経験・スキル・年齢を考慮の上、決定します ※試用期間…
10.0,25.0,株式会社東京商工リサーチ | 国内外の企業・市場調査を行う、業界トップクラスの信用調査会社,★東北から九州まで全国の拠点で同時募集！ ★ご希望の勤務地を応募の際にご選択ください。 ■青森支店…,"月給27万2,090円〜 ★あなたの年齢を考慮の上、当社規定により優遇します ★上記には所定外労働手当とし…"
10.0,26.0,スタープラスチック工業株式会社 | 【創業102年の包装資材メーカー】賞与3.9ヶ月分／残業月10h,神戸工場／兵庫県神戸市中央区港島南町3-2-5 ☆車バイク通勤OK／無料駐車場あり （明石・三木か…,月給17万1500円〜22万3500円（一律職務手当・住宅手当・食事手当を含む） ＜一律手当の内訳＞ 職務手当5…
10.0,27.0,株式会社Y Agency | ★テラリウム専門店をオープン！【 大阪府緊急雇用対策に賛同 】,三宮にオープン予定の 「mossgreen」店舗へと配属予定です。 ※オープンまでは下記オフィスへ…,【未経験の方】 ◆月給22万円〜　+　賞与 （固定残業代30時間、3万9千円を含む） 【店長・SVなどの経験…
10.0,28.0,生興塗料株式会社 | 大阪府緊急雇用対策に賛同｜社用車1人1台支給♪社用車通勤もOK！,★1人に1台営業車を貸与！社用車通勤OK★ ◎勤務地はご希望を考慮します。 転居を伴う配属・転勤は…,月給22万円〜30万円(一律手当含む)＋賞与年2回 ※経験、能力を考慮し、決定いたします。 ※試用期間３ヵ…
10.0,29.0,スタープラスチック工業株式会社 | 【創業102年のメーカー】食事・家族・住宅・ありがとう手当あり,☆転勤なし ☆U・Iターン歓迎 ☆車バイク通勤OK／無料駐車場あり （明石・姫路から通勤している先…,月給19万6500円〜27万9500円（一律手当を含む）+諸手当+賞与（年2回） ※年齢・経験・能力などを考慮し…
10.0,30.0,スタープラスチック工業株式会社 | 【創業102年の安定メーカー】残業月10h程度/土日休み,☆転勤なし ☆U・Iターン歓迎 ☆車バイク通勤OK／無料駐車場あり （明石・姫路から通勤している先…,月給18万1500円〜27万9500円（一律手当を含む）+諸手当+賞与（年2回） ※年齢・経験・能力などを考慮しま…
10.0,31.0,帝燃産業株式会社 | 1955年創業/資格取得費用は会社負担/地域密着で働ける/残業少,※マイカー通勤OK・駐車場あり 光営業所 ◆山口県光市小周防鍛治ノ前1735-28 ※U・Iターン…,◆月給20万円〜25万円 ＋ 賞与年2回 ※年齢・経験・スキルを十分考慮の上 　当社規定により優遇いたし…
10.0,32.0,株式会社TANABEグローバルキッチン | 【新店舗も続々OPEN！売上好調の事業】社宅・家賃補助あり,＜勤務地はご希望に応じます＞ 本部または、大阪／兵庫／広島／岡山／島根／鳥取の各店舗 ------…,"◇月給18万円〜23万5,000円＋年齢給＋各種諸手当 ※年齢、経験、能力を考慮の上、優遇します。 ※30代の…"
10.0,33.0,株式会社パスコ | 【創業51年の安定基盤】★賞与昨年3.2カ月分★給与＋手当充実,★マイカー通勤OK 【西神事業所】 兵庫県神戸市西区高塚台1丁目5番1号,"月給201,000円〜 + 各種手当 + 賞与年2回（昨年実績計3.2ヶ月） ※あなたの経験・スキル等により優遇しま…"
10.0,34.0,株式会社岡常歯車製作所 | 全国8拠点のシェアトップクラス企業/転勤なし/定着率90％超,＜勤務地詳細＞ ◆九州営業所 福岡県糟屋郡新宮町大字三代801 ※転勤はありません。 ★転勤は原則…,◆月給／25万円〜45万円 ※経験・能力を考慮し優遇いたします ※試用期間6ヶ月あり（待遇の変更はありま…
10.0,35.0,有限会社澤田商店 | 創業70年以上の歴史を誇る老舗商社！有名大手企業からも厚い信頼,【転勤なし！／U・Iターン歓迎★駅徒歩5分の好立地】 ■神戸市兵庫区駅南通2-2-19,■月給24万3000円 ※一律みなし残業手当1万8000円/9時間分を含む。超過分別途支給 ※試用期間最長6ヶ月(…
10.0,36.0,株式会社パスコ | 【創業51年の安定基盤】★賞与昨年3.2カ月分★給与＋手当充実,【本社】 茨木市大手町１０−３１　茨木大手町ビル２階,"月給201,000円〜 + 各種手当 + 賞与年2回（昨年実績計3.2ヶ月） ※あなたの経験・スキル等により優遇しま…"
10.0,37.0,セコム株式会社 | 【東証一部上場】セキュリティ業界のリーディングカンパニー,首都圏を中心に、全国各事業所で募集しています。 ※勤務地は希望を考慮致します。 ※U・I ターン歓…,"◆東京／月給23万5,800円以上 ◆埼玉・千葉・神奈川・愛知・滋賀・京都・大阪・兵庫／月給22万9,300円以…"
10.0,38.0,スタープラスチック工業株式会社 | 《創業102年》有名商品のパッケージを手掛ける包装資材メーカー,☆転勤なし／U・Iターン歓迎 ☆車バイク通勤OK／無料駐車場あり └明石・姫路から通勤している先輩…,"◇月給18万1,500円〜26万1,500円 （一律職務手当・住宅手当・食事手当を含む） ＜一律手当の内訳＞ 職務…"
10.0,39.0,株式会社 立志 | ［京都から次世代型教育を発信］自立学習『RED』の立ち上げ募集,【京都市内のいずれかに配属】 ★研修後は、京都・加古川・西宮・滋賀エリアのいずれかにて教室の新規立…,月給20万円〜30万円 ※経験・能力などを考慮のうえ、優遇します ※ここでいう『経験』とは教育業界だけ…
10.0,40.0,株式会社N-Agent | 美容業界のWEBコンサルティング【 大阪府緊急雇用対策に賛同 】,【本社】 兵庫県神戸市中央区京町78番地 三宮京町ビル2F ※転勤の可能性はありません。 ※U・I…,■未経験の方 ⇒月給23万円〜25万円 （固定残業代30時間、4万円〜を含む） ■経験者の方 ※WEB広告運用…
10.0,41.0,ネッツトヨタウエスト兵庫株式会社 | 【TOYOTAグループ】売上高122億円超の安定企業｜年間休日110日,【転勤なし＆U・Iターン歓迎！】 ◆本社／兵庫県神戸市長田区大道通5-101-2 ※西代駅より徒歩…,"◆月給／18万9,000円以上＋諸手当＋賞与（年2回） ※新卒初任給です。 　経験・スキルに応じて優遇します。"
10.0,42.0,サンキ マリン サービス株式会社 | 国内外の大手海運会社と取引多数！業界トップクラスの売上シェア,【転勤なし／U・Iターン歓迎】 兵庫県加古川市加古川町寺家町47-1 ファーミンインテリジェントビ…,月給20万円〜40万円 ※年齢、経験、能力を考慮の上、優遇します。
10.0,43.0,奥村機械株式会社 | 大阪府緊急雇用対策に賛同／基本的に18時頃に退社◎／転勤なし,【関東(埼玉)・関西(大阪、兵庫、滋賀)の各営業所の募集】 ※転勤なし！＆U・Iターン歓迎！ ※勤…,■月給20万円〜30万円 + 賞与年2回 + 諸手当 ※経験・年齢を考慮の上、当社規定により優遇します ※固定…
10.0,44.0,アマノ企業株式会社 | 表彰実績多数/年間休日107日/原則転勤なし/残業月平均12.5時間,【U・Iターン歓迎／マイカー通勤可】 福山本社、庄原、神戸に希望を考慮の上配属いたします。 本社…,"【神戸営業所】 月給 301,000円〜500,000円＋他手当 ※上記には25,000円〜(12.5時間分)の固定残業代を含…"
10.0,45.0,ミザック株式会社 | 1933年創業／充実の福利厚生／大阪府緊急雇用対策に賛同,【マイカー・バイク通勤OK／大阪市内勤務で転勤なし】 大阪本社／大阪市北区堂島浜1-4-16　アク…,月給26万円以上＋賞与（年2回）＋資格手当 ※経験・資格・能力を考慮の上決定 【モデル年収】 ＜未経験(…
10.0,46.0,株式会社タツタ | <創業60年超>業界トップクラスの実績と安定性を誇る老舗専門商社,【関東・関西・四国・九州のいずれかに配属】 ■東京営業所 ／ 東京都日野市多摩平1丁目4-4 <ア…,月給21万円〜23万円＋ 諸手当　／　賞与（年2回） （一律業務手当含む） ※経験・能力を考慮の上、当社規…
10.0,47.0,株式会社タツタ | 《若手積極採用》未経験OK／残業は月10時間ほど／手厚い教育体制,【関東・関西・九州のいずれかの支店・営業所に配属】 ■東京営業所 ／ 東京都日野市多摩平1丁目4-…,"月給18万5,000円〜 ＋ 諸手当　／　賞与（年2回） （一律業務手当含む） ※経験・能力を考慮の上、当社規…"
10.0,48.0,福田株式会社 | 創業50年のギフトメーカー／無借金経営のリーディングカンパニー,※転勤なし≪本社／尼崎市での募集≫ ※U・Iターンも歓迎 ◆兵庫本社／尼崎市武庫之荘1-22-4…,◆経験者／月給30万円以上 ◆未経験者／月給23万円~29万円 ※経験・能力等考慮して決定します ※試用期…
10.0,49.0,株式会社日本ビジネスデータープロセシングセンター | 転勤なし！年間休日120日以上|完週休2日制(土日祝),【転勤なしでずっと同じ場所で働けます！】 名古屋市立大学病院(名古屋市瑞穂区)をはじめとした、愛知…,"月給：160,000円〜＋諸手当 時給：1,050円〜＋諸手当 ※試用期間終了後、月給または時給のどちらか選択で…"
10.0,50.0,光建工株式会社 | 【景気の影響を受けず好調】伊丹市をメインに上水道工事を担当！,本社／兵庫県伊丹市松ケ丘1丁目201番地 ※転勤はありません ※マイカー通勤可能です（駐車場あり）…,・未経験の方／月給：25万円以上 ＋ 諸手当 ・土木工事にかかわった経験のある方／月給：30万円以上 ＋ …
12.0,1.0,株式会社トラスト | 仕事もプライベートも充実できる♪【20代～30代が活躍中】,【高松（林道駅）での募集！】 ※U・Iターン歓迎 ※駅近＆アクセス抜群 高松営業所 香川県高松市松…,【27歳以上の方】 月給25万円〜40万円+諸手当 【22歳〜26歳の方】 月給22万円〜+諸手当 【21歳以下の方…
12.0,2.0,ネッツトヨタゾナ神戸株式会社 | 手厚い研修や福利厚生が魅力/定着率抜群/週休2日/残業はほぼ無し,兵庫県内（尼崎、伊丹、川西、宝塚、西宮、神戸、三木市）の店舗のいずれかで勤務。 ★勤務地は希望又は…,■月給17万5000円以上+資格手当 ※経験・能力を考慮のうえ、決定します。
12.0,3.0,株式会社ＥｄｕＬａｂ | 【まんてん個別指導塾】など兵庫県下に学習塾を6教室運営,《神戸市内の6拠点のいずれかに配属します！》 ■兵庫駅前教室／兵庫県神戸市兵庫区羽坂通4丁目2-1…,◆月給／22万円〜30万円 ※経験・能力を考慮し、優遇いたします。 《モデル年収》 年収375万円/26歳　　…
12.0,4.0,医療法人社団栄宏会 | 医療と介護を兼ね備える施設｜高い有給取得率｜マイカー通勤可,＼ UIターン歓迎・マイカー通勤OK・転居を伴う転勤なし ／ 栄宏会小野病院： 兵庫県小野市天神町…,月給22万円〜27万円＋諸手当＋賞与年2回 ※上記はあくまで最低保証額です。 　年齢、経験、能力を考慮…
12.0,5.0,株式会社NEO DAISEI | 専門技術を用いて自動車専用道路の安全を守るシゴト☆未経験歓迎,兵庫県加古川市八幡町上西条地先　東播磨道管理棟 ＜アクセス＞ 東播磨南北道路　八幡稲美ランプすぐ…,月給：18万〜21万円 ※経験・年齢を考慮の上、当社規定により決定いたします。 ※試用期間3カ月あり（期…
12.0,6.0,株式会社パスゲート | ★入社1年目で月収35万円以上も可！／週休2日制,【転勤なし！大阪本社（梅田徒歩）募集】 大阪本社／大阪府大阪市北区中崎西2-1-1　ゼネラルビル6…,【経験者】月給：27万円以上＋諸手当＋インセンティブあり（月ごと） 【未経験者】月給：24万円以上＋諸…
12.0,7.0,株式会社魚崎設計 | 公共案件の直請け率100％★播州エリアで信頼を集める設計事務所,【転勤なし／マイカー通勤OK／U・Iターン歓迎（住宅支援あり）】 本社／兵庫県姫路市田寺1-2-7…,＜何らかの設計経験者の場合＞ 月給20万円〜50万円 ＜完全未経験者の場合＞ 月給17万円〜 ※共に経験・…
12.0,8.0,URSハリマ株式会社 | 『ウツミリサイクルシステムズ』と『三菱商事』による協業事業！,【11月NEW OPEN】 ※車・バイク通勤OK ※U・Iターン歓迎 ＼9月頃から勤務可能です／…,"月給19万2,000円以上+諸手当+賞与年2回 【月収例】月収28万3,000円（入社1年目） ※経験・能力などを考…"
12.0,9.0,株式会社タクマテクノス | 未経験歓迎｜東証一部上場企業「タクマ」グループ｜福利厚生◎,【マイカー通勤OK】 京都府宮津市字須津32番地　宮津与謝クリーンセンター内,"■月給：175,000円〜23万円 ※年齢・経験・能力を考慮の上、決定します 【試用期間】 3ヶ月間 その間の…"
12.0,10.0,URSハリマ株式会社 | 『ウツミリサイクルシステムズ』と『三菱商事』による協業事業！,【11月NEW OPEN】 ※車・バイク通勤OK ※U・Iターン歓迎 ＼9月頃から勤務可能です／…,"月給19万2,000円以上+諸手当+賞与年2回 【月収例】月収24万7,000円（入社1年目） ※経験・能力などを考…"
12.0,11.0,ブリーズベイホテル株式会社 | 業界トップクラスのホテル再生事業／ マスコミ大注目の経営方針,当社の運営ホテルと今後取得するホテルが勤務地となります。 ■全国137店舗の当社運営ホテル 【北海…,◆月給／25万円以上 ※経験・年齢を考慮の上、当社規定により優遇します。 ※研修期間3ヶ月〜6ヶ月（研…
12.0,12.0,合同会社曾呂利新左衛門 | 生そば「曾ろ利」での増員募集！近い将来には新店OPEN予定！,【転勤なし／U・Iターン歓迎します】 兵庫県芦屋市船戸町2-1 ※JR芦屋駅より徒歩5分,月給21万円〜37万円（一律業務手当て3万円含む） ＋ 諸手当 ＋ 賞与年2回 ※年齢・経験・スキルを十分考…
12.0,13.0,株式会社マイスティア | 【世界的メーカーとの取引多数！国内外へ事業展開する優良企業】,《 転勤なし／UIターン歓迎 》 愛知、岩手、長崎、広島、東京、山口、 三重、滋賀、宮城、山梨、静…,月給25万円〜35万円＋諸手当 ※入社後、経験に応じて研修を実施します。 　最短1週間〜最長1ヶ月程度の…
12.0,14.0,株式会社あなぶきリアルエステート,■転勤あり ■各県のモデルルーム勤務です。 香川県、徳島県、高知県、愛媛県 岡山県、鳥取県、 島根…,月給20万円以上 ※経験・年齢を考慮の上、当社規定により優遇します。 【報奨金】 (1)契約及び仲介１住…
12.0,15.0,株式会社ドリームフロントホールディングス | ライフワークバランスがとれる兵庫の優良企業！,【転勤なし／U・Iターン歓迎！マイカー・バイク・自転車通勤OK！】 兵庫県尼崎市常松1-5-20…,■年俸350万〜550万円以上 ※試用期間6ヶ月あり（給与の変動はありません） ※年齢や経験を考慮の上、金…
12.0,16.0,株式会社シンドウ工業 | 【建築金物の生産・販売で業界トップクラス】★面接1回,★転勤はありません。 ★マイカー通勤OK！ 【山東ヤードセンター】 兵庫県朝来市山東町大垣185-1,"月給190,000円〜220,000円 ＋ 賞与（年2回） ※経験・能力・スキル等を考慮の上、当社規定により決定し…"
12.0,17.0,梶谷工業株式会社 | 【未経験から一流へ】高待遇であなたをお迎え◆全員面接実施中◆,関西エリアを中心とした各地現場 ※直行・直帰OK ※社用車一人一台貸与 西宮工事事務所／兵庫県西宮…,月給24万円〜＋賞与年2回(昨年度実績2〜4ヶ月分)＋各種手当支給 ※経験・スキルを考慮の上、決定します。…
12.0,18.0,有限会社ウオハシ | 創業100年以上の歴史を持つ安定商社／ノルマなし／転勤なし,【転勤なし／U・Iターン歓迎／マイカー・バイク通勤OK！】 兵庫県姫路市神屋町2-23 ＜アクセス…,月給20万円〜25万円 + 諸手当 + 賞与年2回 ※年齢・経験・スキルを十分考慮の上、当社規定により優遇い…
12.0,19.0,株式会社大黒商事 | PCサポート・OA機器等の提案◇キヤノンビジネスパートナー店,兵庫県神戸市中央区国香通4-1-2新大黒ビル 自社ビル・本社勤務 【アクセス】 阪急「春日野道」駅…,"月給21万円〜30万円 固定残業代（7,630円〜10,900円／5時間相当）含む ※5時間超過分は別途支給 ※年齢…"
12.0,20.0,尼高運輸株式会社 | 【★前職の職種に関わらず、経験をもとに給与の相談応じます】,★希望を考慮して【神戸市・尼崎市・西宮市】のいずれかの物流拠点に配属 ◆ 尼崎本社 兵庫県尼崎市南…,"月給25万円〜40万8,000円+諸手当+賞与年2回 ※年齢・経験・スキルを十分考慮の上、当社規定により優遇い…"
12.0,21.0,株式会社エアウィーヴ | スポーツ選手や芸能人も利用する寝具を開発・販売／4期連続増収,◆エアウィーヴ製品を扱う全国の百貨店・専門店 ※転居を伴う転勤なし ※勤務地はご希望を考慮 ※店舗…,"◆首都圏（東京、神奈川、埼玉、千葉、茨城、栃木、群馬） 月給24万8,000円〜35万8,000円 ◆中部・関西…"
12.0,22.0,東日本明星株式会社 | 抜群の安定性！東証一部上場「日清食品グループ」の正社員募集！,◇神戸工場：兵庫県神戸市東灘区深江浜町34-2 ※転勤はありません ※自転車・バイク・マイカー通勤…,◇月給：16万1000円以上 ※別途、諸手当支給あり ※賞与年2回あり ※上記月給はあくまでも最低保障です…
12.0,23.0,株式会社ビショップ | ☆賞与4～10ヶ月分支給(昨年実績)／完全週休2日制・残業少なめ☆,【転勤なし】 ■兵庫支社：兵庫県川西市花屋敷1-17-26 ［交通アクセス］ 阪急「川西能勢口」駅…,【経験者】月給25万円〜40万円＋各種手当 【未経験者】月給20万円〜25万円＋各種手当 ※経験・スキルな…
12.0,24.0,株式会社ワールドビズ | ★7日以上の大型休暇あり！,《地域密着で活躍！奈良・徳島・大阪・兵庫で働こう》 ☆車通勤OK ☆U・Iターン歓迎 〜勤務地詳細…,◆月給18〜35万円以上＋諸手当 ※経験・能力などを考慮し、決定します ※試用期間中（3ヶ月）も条件面に…
12.0,25.0,株式会社マイスティア | 【 世界的大手デバイスメーカーの製品に携わる！】★WEB面接OK,◆IUターン歓迎 神奈川または熊本へ配属になります。 ■神奈川県厚木市 ■熊本県菊池郡菊陽町 ※神…,月給25万円以上 ＋ 技術手当 ＋ 特別手当 ※上記の他に、家族手当、資格手当、住宅手当等あり ※試用期間…
12.0,26.0,株式会社ヤマダデンキ | 旧社名株式会社ヤマダ電機◆(株)ヤマダホールディングスグループ,▼下記のいずれかの店舗で勤務▼【転勤ナシ・希望を考慮して配属】 北海道‐3店舗 青森県‐2店舗 岩…,【月給】24万円〜28万円+充実のインセンティブ+諸手当（残業手当など） ※経験・能力を考慮の上、規定に…
12.0,27.0,株式会社ププレひまわり | 【中途1年目社員の生の声掲載中】⇒会社・仕事の魅力をCheck！,《 U・Iターン歓迎／エリア限定採用あり 》 希望や居住地を考慮し、いずれかの店舗へ配属します。…,"■月給180,000円〜300,000円＋賞与年2回＋各種手当 ※能力や年齢などを考慮して、支給額を決定します。 …"
12.0,28.0,広洋海運有限会社 | 創業114年「たをの海運グループ」。給与も高水準／若手活躍中！,全国の寄港地から乗船いただきます。 ※居住地の近くから乗船できるよう配慮いたします ※乗船のための…,＜経験者・有資格者＞ 月給：27万円〜65万円 ＜未経験者＞ 月給：25万円〜 ※年齢・経験・年齢・能力を…
12.0,29.0,株式会社デコルテ | 東証マザーズ上場企業グループ＊インセン有＊月8日以上休み,★埼玉県大宮店2021年8月、その他順次新規出店！ 『東京』『神奈川』 『京都府』『大阪府』『兵庫…,"【関東】 ◆経験者：月給20万2000円〜35万円＋インセン ※固定残業代(月5時間分/7,115円〜)を含む。超過…"
12.0,30.0,有限会社エフクラス | <全国から応募歓迎>未経験OK/完全週休2日/残業少なめ/ノルマなし,【転勤なし／マイカー通勤OK】 ■兵庫県丹波篠山市住吉台99-1 ＜アクセス＞ JR「篠山口駅」か…,■月給25万円〜30万円 ※経験・能力・適性などを考慮のうえ、優遇いたします ※試用期間3ヶ月あり（期間…
12.0,31.0,上野紙料株式会社 | 【創業118年の安定企業】20代・30代のワーママも活躍中♪,《姫路本社・明石支店・三田営業所で募集中》 ※転勤はありません！ ※事務：姫路本社・三田営業所 ※…,◇月給／17万円〜21万円 ＋ 諸手当 + 賞与年2回 ※上記はあくまでも最低保障額です ※年齢、経験、能力を…
12.0,32.0,有限会社エフクラス | 家賃補助＆引っ越し費用補助あり／月給25万円～確約／未経験歓迎,【転勤なし／マイカー通勤OK】 ■天下一品 三田店／兵庫県三田市川除144-15 ＜アクセス＞ J…,■月給25万円〜30万円 ※経験・能力・適性などを考慮のうえ、優遇いたします ※試用期間3ヶ月あり（期間…
12.0,33.0,住友ゴム工業株式会社 | 「DUNLOP」「FALKEN」など国内有数のタイヤメーカー,【白河工場】 福島県白河市双石広久保1番地 ＜交通アクセス＞ JR白河駅より車で13分 ※転勤はあ…,"時給：1,425円以上 + 各種手当 + 一時金 ※経験・年齢・能力を考慮のうえ、決定致します。 【モデル月…"
12.0,34.0,藤田建設株式会社 | 設立60年！岡山に根付いた安定企業／公共案件も多数！,【転勤なし】 ■本社／ 岡山県備前市東片上28番地 ■赤穂営業所／兵庫県赤穂市古浜町203 ■瀬戸…,月給　25万円〜40万円 ＋ 諸手当 ※年齢、経験、能力を考慮の上、優遇します。 ※試用期間2ヶ月あり （…
12.0,35.0,学校法人関西金光学園 | 関西福祉大学｜＼＼応募書類締切：令和3年9月2日（木）必着／／,◆関西福祉大学／兵庫県赤穂市新田380-3 ※JR『播州赤穂』駅 南口ロータリースクールバス乗り場…,"◆月給20万1,000円以上+各種手当 ※上記は、新卒(大学卒)初任給の場合の給与です ※中途採用の場合は経験…"
12.0,36.0,住井運輸株式会社 | 条件を満たす応募者全員と面接確約/若手積極採用/完全週休2日制,《転勤なし／U・Iターン歓迎》 ◆兵庫県神戸市中央区波止場町6-7 ※神戸港（作業現場）まで送迎あ…,◆月給20万円〜30万円 + 諸手当 ※残業代は別途全額＆お弁当も毎日支給します ※試用期間3ヶ月あり（待…
12.0,37.0,株式会社エークリエーションプラス | 【コロナ禍でも業績好調】★住宅に関する総合サービス事業を展開,【社用車通勤OK(1人1台あり)】※マイカーもOK！ 神奈川県横浜市都筑区茅ヶ崎中央39-3 《ア…,月給／20万円以上 ＋歩合給(月平均30万円)を支給 ※経験やスキルに応じて優遇します。 ※頑張りや実績に…
12.0,38.0,柳原経営会計事務所 | 1989年設立の老舗会計事務所／大阪府緊急雇用対策に賛同,《転勤なし》 ◆大阪府箕面市萱野1-7-17-101 ※U・Iターン歓迎,月給20万円〜22万円+諸手当+賞与(年2回)+交通費全額支給 ※上記は最低保障金額となります。 ※年齢・経験…
12.0,39.0,株式会社イトー | 15年連続増収!人気のDIY商品・園芸用品の専門商社/若手積極採用,☆オフィスはさいたま市北区 ☆社用車貸与&通勤利用可 ＜東京営業所＞ 埼玉県さいたま市北区宮原町4…,◎月給／25万2500円以上 （一律手当含む）+賞与年2回 ※年齢・能力により優遇します。 ※固定残業代45時…
12.0,40.0,株式会社浜名技術コンサルタント | ［大阪府緊急雇用対策に賛同］創業40年、公共事業に貢献,【交通手段】 地下鉄「北浜駅」より徒歩5分 大阪府大阪市中央区道修町2-2-6　道修町後藤ビル3Ｆ,月給20万円〜50万円 ※経験・能力を考慮して決定します ※試用期間3ヵ月あり（同条件） 【モデル月収】…
12.0,41.0,TOYO TIRE株式会社 | 【トーヨータイヤ】※東証一部上場　★20～30代活躍中！,【U・Iターン歓迎/マイカー通勤OK！】※無料駐車場あり 仙台工場／宮城県岩沼市吹上3-5-1 ＜…,"月給190,000円〜260,000円 ※当社規定により経験、年齢を考慮し決定します。 ※試用期間2〜3ヶ月（給与変…"
12.0,42.0,ロイコ・ジャパン株式会社 | 《ドイツ発、世界的工具メーカー・ロイコ社の日本法人》,【栃木限定募集！！】 《UIターン歓迎&マイカー通勤OK》 ◇本社：〒329-4303/栃木県栃木…,【月給】18万円〜 ★入社前のご経験や、年齢に応じて柔軟に対応いたします★ ※試用期間あり(3か月/試…
12.0,43.0,株式会社EIC　 | 北須磨ドライビングスクール【大阪府緊急雇用対策に賛同】,【北須磨ドライビングスクール】 兵庫県神戸市須磨区車字梨川750 ※マイカー・バイク通勤OK！転勤…,≪教習指導員資格の取得後または取得済みの方≫ ■月給20万円〜23万7000円＋各種手当 ≪教習指導員資格…
12.0,44.0,日立金属工具鋼株式会社 | 【日立金属グループ】＊住宅手当＊借上げ社宅制度あり,◇◆マイカー通勤OK！Uターン・Iターン歓迎！兵庫県・栃木県限定募集！◆◇ ☆希望の勤務地はご要望…,◆月給17万円〜27万円 ※年齢、経験、能力を考慮のうえ、優遇します。 ※時間外手当は別途支給
12.0,45.0,株式会社イトー | 15年連続増収！自社展開するDIYツールブランド「WHATNOT」が好調,【転居を伴う転勤なし／マイカー通勤OK】 兵庫県三木市鳥町709-1 ※U・Iターン歓迎 ※社員の…,月給23万円〜35万円 ※経験や能力を考慮のうえ、決定いたします
12.0,46.0,株式会社イマナカ | 兵庫限定募集｜賞与年2回×1回の支給平均100万円＋決算賞与も！,本社／兵庫県多可郡多可町加美区箸荷554 ※現場へは直行直帰です（兵庫県下がメイン） ※マイカー通…,月給／22万円〜50万円＋諸手当 ＋賞与最大年3回 ※試用期間3ヶ月（条件等変更なし）
12.0,47.0,日野興業株式会社 | 【創業84年の老舗メーカー】◎前年度賞与6.6カ月分 ◎転勤なし,▼▼名古屋支店で限定採用▼▼ <国際センター駅から徒歩4分> 【名古屋支店】名古屋市中区錦1-7-…,月給17万8000円〜 ※経験やスキルを考慮し決定します。 ※試用期間3ヵ月（同条件）
12.0,48.0,オリエンタル白石株式会社 | ＜20～30代活躍中！＞賞与7.5ヶ月分(2020年実績)/各種手当充実◎,＼全国各地のプロジェクト先で活躍！／ ※ご勤務先は、適性を考慮して決定いたします。 ☆現場への直行…,"月給215,000円〜297,000円（一律手当含む）＋家賃補助＋各種手当 ※スキル・年齢を考慮の上、当社規定に…"
12.0,49.0,学校法人関西学院,■西宮上ケ原キャンパス（兵庫県西宮市） ■西宮聖和キャンパス（兵庫県西宮市） ■神戸三田キャンパス…,◇月給20万400円＋ 諸手当 ※上記はあくまでも最低保障です ＜月給例＞ 月給32万円＋諸手当／大卒・30歳…
12.0,50.0,株式会社ケイアイ・テック | ★セカンドキャリア歓迎★9割以上が既婚者！★20代～30代活躍中,【転勤なし！U・Iターン歓迎！マイカー通勤可】 ■神戸市西区見津が丘2丁目4番地の4 【アクセス】…,【経験者の場合】 ■月給30万円〜50万円+各種手当 ※経験や能力を考慮のうえ決定いたします。 【未経験…
14.0,1.0,日本精化株式会社 | 残業少なめ&有給休暇取得率70％以上／業績好調の成長企業,◎U・Iターン歓迎！ ◆高砂工場 兵庫県高砂市梅井5丁目1番1号 《アクセス》 「山陽曽根駅」から…,月給19万2000円〜+諸手当+賞与(年2回) ※上記は最低保証金額です ※経験・能力を考慮の上、決定いたしま…
14.0,2.0,スリープラス株式会社 | 【黒字経営＆さらなる成長を目指す増員募集】◎自社内開発あり,本社（兵庫県神戸市）およびクライアント先企業（神戸市・大阪市）での勤務となります。 ☆転居を伴う転…,月給／28万円〜50万円 ※経験・スキル・前給等を十分考慮し、相談の上決定します。 ※試用期間3か月あり…
14.0,3.0,株式会社田口建設 | 設立以来黒字無借金経営｜未経験歓迎｜土日祝休み｜引越補助あり,＼引っ越し補助制度あり／ 兵庫県加古川市平荘町新中山31 ☆マイカー通勤OK・転勤なし ☆現場によ…,月給25.5万〜57万円+諸手当+賞与年2回 ※あなたの経験や年齢を考慮し、支給額を決定します ※試用期間が3…
14.0,4.0,伊丹産業株式会社 | 【事業所は全国に186カ所＆グループ企業21社の安定企業】,☆現住所や希望の配属先などを考慮し決定 ☆転勤なし／マイカー勤務OK 【LPガスの配送・営業】 ■…,◆月給20万円〜30万円＋諸手当 + 賞与年2回（実績：3.6ヶ月分） ※年齢・経験・スキルを十分考慮の上、 …
14.0,5.0,株式会社イトー | 人気のDIY商品を扱うメーカー商社★完休2日★残業平均月20h程度,★地域密着で働く！転勤はありません。 ★U・Iターン歓迎！ 兵庫県三木市の「関西ロジス」または「商…,月給／18万円以上 ※経験や能力、年齢を考慮の上、決定致します。
14.0,6.0,株式会社ケーティエス | ＜面接1回のスピード採用＞3月に完成したキレイな自社ビル勤務♪,【転勤なし！マイカー・バイク通勤OK】 ◆神戸市東灘区御影本町7丁目4-8 ※U・Iターン歓迎 ★…,◆月給25万円〜 + 諸手当 +賞与年2回（＋決算賞与） ※年齢・経験・スキルを十分考慮の上、 　当社規定…
14.0,7.0,サンヨー環境株式会社 | 設立57年！神戸市行政案件や保健所連携案件多数！若手積極採用中,◆本社／神戸市中央区浜辺通2-1-30 ※転勤はありません 各線「三宮・神戸三宮」駅より徒歩10分,◆月給：25万円以上 ＋ 諸手当 ＋ 賞与年2回 ※上記はあくまでも最低保障額です ※年齢、経験、能力を考…
14.0,8.0,株式会社ケアネット | 【福祉用具サービスの専門企業】,UIターン歓迎＆転勤なし＆マイカー通勤OK！ 兵庫県豊岡市、又は京都府与謝郡に配属となります 但馬…,"月給20万円〜24万円（基本給+定額的に支払われる一律手当含む） ※基本給　163,000〜196,000円 ※固定残…"
14.0,9.0,富士岐工産株式会社 | 創業62年！卓越した現場力が強み◎,北九州工場／福岡県北九州市若松区南二島2-28-1 ※マイカー通勤可／無料駐車場あり ※現場先へは…,"月給 154,300円〜222,800円＋諸手当 ※初年度年収例240万円〜 ※能力・年齢を考慮 ※試用期間3ヶ月(待遇…"
14.0,10.0,株式会社日本ビジネスデータープロセシングセンター | 本社(三宮)勤務★7月3日（土）マイナビ転職フェア神戸に出展★,＼「神戸本社」勤務／ ◎神戸本社 兵庫県神戸市中央区伊藤町119番地　大樹生命神戸三宮ビル3階,【実務経験をお持ちの方】 神戸勤務：月給20万円〜30万円+諸手当 【未経験の方】 神戸勤務：月給17万円…
14.0,11.0,ベストガーデン株式会社 | 未経験でも月給23万円～☆安心の待遇でスタート！,【転勤なし／U・Iターン歓迎！】 □本社：兵庫県明石市魚住町西岡2108-7 ＜アクセス＞ JR「…,□月給23万円〜+各種手当+賞与 ※試用期間3カ月（期間中の待遇の変更はございません。） ※経験・能力を…
14.0,12.0,高井税理士事務所 | ＜安定基盤＞創業から61年目を迎える地域密着型の税理士事務所,《転勤なし/U・Iターン歓迎》 ※神戸市内の自社ビルで活躍！ ◆兵庫県神戸市長田区川西通2-11…,◆月給20万円〜 + 諸手当 ※年齢・経験・スキルを十分考慮の上、 　当社規定により優遇いたします ※試…
14.0,13.0,鳥取興業株式会社 | 【転勤なし】業界大手の大本紙料グループ＆公共案件多数で安定◎,＼＼新施設オープン／／ ★転居を伴う転勤なし ★駐車場完備！ ★UIターン歓迎 【本社】 兵庫県南…,"日給1万円〜1万2,000円+諸手当 　⇒月給イメージ22万円〜26万4,000円+諸手当(22日計算) ※経験・年齢に応…"
14.0,14.0,株式会社ＺＵＮＤ | ★ラー麺ずんどう屋★宇宙一のラーメン屋を目指すため増員募集★,【希望を考慮し、大阪・兵庫・岡山のいずかれに配属】 ※原則、転居を伴う転勤なし ※車・バイク通勤O…,月給25万円以上＋諸手当 ※経験・能力などを考慮して、決定します 【月収例】 月収38万円（諸手当含む…
14.0,15.0,株式会社秀商 | 問合せOK⇒0794-88-6355/昇給でベースアップ/未経験歓迎！,【 U・Iターン歓迎／転勤なし！】 兵庫県三木市別所町小林685−8 ※マイカー通勤OK,月給30万円〜40万円＋ 諸手当 ※5年ごとに基本給が2万円ベースアップ ※試用期間2ヶ月あり（給与変動な…
14.0,16.0,株式会社ミツワ | 20代活躍中／産育休取得実績あり／地域密着＆転居を伴う転勤なし,兵庫県（川西市、宝塚市、三木市）で展開しているドコモショップ。 ※希望を考慮 ※U・Iターン歓迎…,◆月給：20万円以上＋各種手当 ※経験やスキルを考慮の上、当社規定に従って優遇いたします。 《モデル…
14.0,17.0,株式会社ベルパーク | ★くるみんマーク取得★年間休日116日★平均年収487万円,★全国363店舗のキャリアショップを運営中！ ★U・Iターンも歓迎！ ★あなたの希望を最大限考慮！…,"◆月給23万円〜32万2,000円＋時間外手当 ※上記給与は、地域によって異なります ※時間外手当は別途全額…"
14.0,18.0,株式会社ＺＵＮＤ | ★ラー麺ずんどう屋★宇宙一のラーメン屋を目指すため増員募集★,「ラー麺ずんどう屋」の各店舗 ※希望を考慮し決定します。 【兵庫県】 14店舗 ※7月15日、新た…,月給27万円以上 ※経験・能力などを考慮して、決定します 【月収例】 月収38万円（諸手当含む。入社3年…
14.0,19.0,明光商事株式会社 | 【設立57年の老舗専門商社／売上180億超の無借金経営】,【神戸本社】兵庫県神戸市灘区中郷町4-2-1 ★転勤なし ★U/Iターン歓迎,◆月給22万円〜28万円（一律手当込み） ※試用期間6ヶ月あり（待遇は変わりません） ◆予定年収：330万…
14.0,20.0,株式会社スタッフサービス | ＜在宅あり＞★プライベート充実の働き方を応援します,★転勤なし／兵庫県内（神戸市、明石市　など）★ 転居を伴う転勤はありません。 ※株式会社スタッフサ…,"■月給17万円〜【賞与あり★残業代・交通費支給】 ※就業開始半年後から「月額手当」有 　1,000円 ※交通…"
14.0,21.0,株式会社かね徳 | まもなく創業100年！安定基盤の食品加工メーカー ※残業少なめ,【U・Iターン歓迎！転勤なしの札幌勤務限定採用！】 北海道札幌市中央区北4条西13丁目1−2 RI…,月給22万円〜30万円（一律手当含む） ＋ 諸手当 ＋ 賞与年2回 ※年齢・経験・スキルを十分考慮の上、当…
14.0,22.0,株式会社カルディオ,【転勤なし】神戸市中央区 兵庫県神戸市中央区港島南町６−３−７クリエイティブラボ神戸３階 ~アクセ…,"月給220,000円〜320,000円"
14.0,23.0,株式会社ニチコミ | 全国281地区の老人クラブ広報紙を発行★シニア層を応援する企業,【転勤なし】 ＊東京支社：東京都品川区大井1-24-5 大井町センタービル7階 ⇒各線「大井町」駅…,"月給21万9,720円（一律手当含む）＋ 諸手当 + 賞与年2回 ※業績・能力等を考慮の上、優遇します。 ※上記…"
14.0,24.0,株式会社かね徳 | まもなく創業100年！安定基盤の食品加工メーカー ※定着率抜群,【転勤なし／U・Iターン歓迎します】 篠山工場／兵庫県丹波篠山市泉字脇谷2-10 泉工業団地 ※マ…,月給20万円〜30万円（一律手当含む） ＋ 諸手当 ＋ 賞与年2回 ※年齢・経験・スキルを十分考慮の上、当…
14.0,25.0,株式会社富澤商店 | （TOMIZ）｜創業102年｜お菓子・パン作りの材料器具専門店,全国各地の「TOMIZ」店舗 ※地域限定制度あり 店長未経験の方 ■東京都／千代田区、中央区、新宿…,■店長未経験の方 月給22万円以上（店長昇格後：月給24万円以上） ※上記金額には固定残業代（30時間分／…
14.0,26.0,"ヤマト住建株式会社 | 11期連続、""ハウス・オブ・ザ・イヤー・イン・エナジー""を受賞！",【配属は希望を考慮！群馬、埼玉、千葉、東京、神奈川、愛知、滋賀、京都、大阪、兵庫、奈良、岡山で募集…,月給27万円〜50万円（一律手当含む） 別途、成果に応じたインセンティブあり！ ※経験や能力などを考慮…
14.0,27.0,株式会社ケミカル工事 | 土木構造物・建築物維持管理のプロ集団！※WEB面接も可能です,【転勤なし／U・Iターン歓迎します】 東日本事業所／千葉県市川市二俣新町22-1 ⇒最寄駅：JR京…,月給22万円〜38万円（一律手当含む） +各種手当 ＋賞与年2回 ※経験やスキルを考慮して決定いたします …
14.0,28.0,株式会社内藤建築事務所 | ～医療・福祉施設の設計では全国トップクラスの実績～,＜名古屋事務所＞ 愛知県名古屋市中区錦1丁目7番32号　名古屋SIビル5階 ※転勤なし,"月給254,000円〜350,000円 ※経験・年齢を考慮の上、当社規定により優遇します。 ※上記金額には、固定残…"
14.0,29.0,四国工販株式会社 | 建物の快適な環境づくりを支える！賞与年4.5ヵ月分！,◆関西支店 兵庫県神戸市中央区江戸町98-1 東町・江戸町ビル2-1号 【交通アクセス】 各線「三…,◆月給19.5万円〜25万円（一律手当含む） ※年齢・経験・スキルを十分考慮の上、当社規定により優遇いた…
14.0,30.0,佐藤鉄工株式会社 | 1世紀以上に渡り橋梁や水門など公共案件を中心にインフラに貢献,★エリア内での直行直帰 ★原則転勤なし ★配属先はお住まいや希望を考慮します 【北陸エリア】 ☆現…,◆月給25万円以上 ※土木施工管理技士の有資格者及び施工管理経験者は特に優遇いたします ※経験・能力等…
14.0,31.0,株式会社エス・エム・エス | 東証一部上場◆16期連続増収増益◆業界最大級の人材サービス展開,全国エリア募集！本社または事務所への配属 【在宅勤務実施中です。】 ※希望を最大限考慮 ◆首都圏…,"【東京、埼玉、神奈川、千葉、京都、大阪、兵庫】 月給36万7,334円〜 ※前職の給与を最大限考慮して決定…"
14.0,32.0,相生市農業協同組合 | 地域の「農業」とみなさまの「生活」を支える存在として,◆兵庫県相生市大石町19番1号 ※転勤無し、U・Iターン歓迎,◆月給：25万円〜30万円＋諸手当＋賞与3回 ※経験や能力を考慮のうえ、決定いたします。 ※推進実績によ…
14.0,33.0,株式会社エルザクライス | 【エルザ動物病院グループ】賞与年4回／完全週休2日制／シフト制,兵庫県下7病院（姫路市、たつの市、加西市、加古川市、神戸市北区） 家から通える範囲で１〜２病院を２…,"月給200,000円〜295,000円＋諸手当 ※ご経験やスキル、年齢を考慮の上決定 ※残業代は全額別途支給 ※試…"
14.0,34.0,近畿中央ヤクルト販売株式会社 | 東証一部上場・株式会社ヤクルト本社のグループ会社,【北摂営業所（茨木）配属】 ※マイカー通勤可（条件あり） ◇北摂営業所： 大阪府茨木市美沢町15-…,"◇月給20万6,500円〜24万円＋諸手当＋賞与年2回 ※経験やスキルに応じて決定いたします ※固定残業代（3…"
14.0,35.0,株式会社西村組 | <県内トップクラスの実績>北陸新幹線の高架橋やトンネル等も担当,【 マイカー通勤可（駐車場あり）】 本社：福井県吉田郡永平寺町下浄法寺第2号8番地,月給20万円〜35万円 ※経験、能力、スキルなどを考慮の上、決定いたします。
14.0,36.0,エリエールフーズ株式会社 | 関西・中四国エリアで飲食・サービスエリア事業を展開,【イオンモール姫路リバーシティー店】 兵庫県姫路市飾磨区細江520 イオンモール姫路リバーシティー…,"【月給】213,500円〜266,900円＋諸手当 試用期間（2ヶ月〜6ヶ月）は時給956円〜1,200円"
14.0,37.0,株式会社ミツワテック,本社：兵庫県川西市久代1丁目26-10 ※入社後3年は転勤なく、その後も転居を伴う転勤はありません。,月給20.5万円〜33万円
14.0,38.0,電機資材株式会社 | ◆日本製鉄グループ◆世界最高水準の電磁鋼板を生産する専門商社,★マイカー通勤OK ＜袖ケ浦工場＞ 千葉県袖ケ浦市中袖３１ ＜交通アクセス＞ ＪＲ内房線「長浦駅」…,月給20万8100円〜42万円＋賞与年2回（昨年度実績3.7カ月分） ※残業時間に応じた残業代を全額支給いたし…
14.0,39.0,株式会社タカラレーベン | ◆完全週休2日制／年間休日120日／各種手当充実／賞与年2回,勤務地は希望を考慮の上、全国、各地のモデルルームに常駐勤務（直行直帰OK）。 ★電車通勤が難しいモ…,"月給230,000円〜350,000円 ※試用期間3ヶ月（同条件） ※経験・能力を考慮の上、当社規定により決定いた…"
14.0,40.0,株式会社エース・ジャパン | ■設立以来18年連続黒字経営■国内外の大手製薬メーカーと取引,【U・Iターン歓迎】 ■山形本社： 山形県東根市大字東根甲5850-1,月給22万円〜30万円＋各種手当 ※経験・スキルを考慮し、当社規定により決定いたします。 ※試用期間6ヶ…
14.0,41.0,近畿防蝕株式会社 | 神戸製鋼等と取引／金属メッキ加工・表面処理加工のプロ集団,☆U・Iターン歓迎 ☆転勤なし ☆車・バイク通勤OK（工場内駐車場無料） 【本社工場】 三木市別所…,◆月給／25〜35万円 ※年齢・経験・スキルを十分考慮の上、当社規定により決定いたします ※試用期間3ヶ…
14.0,42.0,"株式会社神戸デジタル・ラボ | エンジニアファーストの会社だからこそ叶う""働きやすさ""あり！",【転勤なし＆U・Iターン歓迎】 兵庫県神戸市中央区京町72番　新クレセントビル …→ 各線「三宮駅…,"月給300,000円〜＋諸手当 ※経験・能力などを考慮し、決定します ※残業代は1分単位で支給します ※試用…"
14.0,43.0,石塚硝子株式会社 | 創業は文政2年/200年の歴史を誇る東証・名証一部上場企業,兵庫県神崎郡福崎町西治498 ⇒JR「溝口駅」より車で5分 ※石塚王子ペーパーパッケージング株式会…,"月給210,000円〜 ※経験・年齢を考慮の上、当社規定により優遇します。 ※試用期間3か月間あり。その期…"
14.0,44.0,株式会社森口商店 | 【創業70年超】老舗木材専門商社 ◎残業少なめ／土日祝休み,【魚崎作業所】 〒658-0024 神戸市東灘区魚崎浜町43ー2　JFE建材(株)内 ※転勤は当面…,月給：18万円〜 ※給与は会社規定に基づき決定いたします。 ※残業手当は別途支給します。 ※定期的な昇…
14.0,45.0,"ヤマト住建株式会社 | 11期連続、""ハウス・オブ・ザ・イヤー・イン・エナジー""を受賞！",【配属は希望を考慮！群馬、埼玉、千葉、東京、神奈川、愛知、滋賀、京都、大阪、兵庫、奈良、岡山で募集…,月給23万円〜33万2000円（一律手当含む） ※経験や能力などを考慮し、優遇いたします ※試用期間中（3ヶ…
14.0,46.0,ショーボンド建設株式会社 | 【東証一部上場】ショーボンドホールディングス株式会社グループ,※初任地は、可能な限りご希望を考慮いたします。 ■北海道札幌市白石区東札幌4条2-1-6 ■岩手県…,月給24万円以上 ※あなたの経験・能力を考慮し、優遇いたします ※試用期間6ヶ月あり（試用期間中の給与…
14.0,47.0,神戸日野自動車株式会社,兵庫県内の以下の営業所に配属いたします。 ※勤務地の希望を考慮して配属を決定いたします。 ※ＵＩタ…,"大卒：月給200,000円〜 専卒：月給190,000円〜 高卒：月給185,000円〜 ※経験・年齢を考慮の上、当社規…"
14.0,48.0,独立行政法人国際協力機構 | 世界の社会課題に挑むJICA,国際協力機構本部ビル 東京都千代田区二番町5-25二番町センタービル 出張は基本的にはありません。…,月給20〜30万円（職務経験を基に決定）
14.0,49.0,株式会社リクルートスタッフィング | 安定企業で働ける★応募時に志望理由&自己PRがなくても大丈夫♪,＜転勤なし！＞ ◆兵庫県の企業 ※自宅の最寄駅を考慮して配属いたします。 また、転居を伴う異動はあ…,兵庫県：月給18万2千円〜＋賞与年2回＋残業代 ※昇給あり ※配属前研修期間中(3日間)は有期雇用となり、…
14.0,50.0,日本管財株式会社 | 中部本部【東証一部上場】/ 残業少なめ/長期安定で働ける◎,★愛知県限定募集★ ★その他にもオフィスビル・学校など管理物件多数★ ★転勤なし！！ 【勤務地の例…,"月給200,000円以上 ＋ 諸手当 ◆当社規定により優遇いたします。"
15.0,1.0,マックスバリュ西日本株式会社 | ★マイナビ転職フェア島根(７月２５日)に出展します★,【マイカー通勤OK／U・Iターン歓迎】 島根県or中国・四国or兵庫県の各店舗に配属します。 ※2…,四大卒：月給19万7000円〜 ＋ 諸手当(残業/通勤/家族/役職) 短大卒：月給17万5000円〜 ＋ 諸手当(残業/通…
15.0,2.0,関西熱化学株式会社 | 三菱ケミカルホールディングスグループの安定企業,【加古川工場】 兵庫県加古川市金沢町7番地 ※通勤バスあり。 ※車やバイク通勤可(条件あり),月給17万1778円〜20万591円+各種手当+賞与年2回 ※経験スキル・年齢に応じて変動します。 ※試用期間6ヶ…
15.0,3.0,東建コーポレーション株式会社 | ■エリア勤務でも高収入！■上場企業で安心の将来を,◆兵庫県内の各拠点 ※自宅近くの拠点での勤務希望を考慮 ※Ｉ＆Ｕターン歓迎 ※各事業所の詳しい住所…,"月給26万3,000円以上＋諸手当＋業績連動成果給 ※月給は、固定残業代【47時間分（6万9,000円以上）】を…"
15.0,4.0,株式会社ワコールキャリアサービス | ワコールHD(東証一部上場)100%出資★20～40代中心に活躍中,【勤務地多数】 関東・関西エリアの各就業先 ★希望勤務地を選択いただけます。 ★テレワーク・時差出…,月給25〜60万円 ※前職の給与水準、仕事内容に応じて異なります。 初年度の想定年収350〜800万円ほど
15.0,5.0,株式会社グリーンテック | 年齢・性別不問◎ 未経験で入社した仲間が多数活躍中！,あなたの居住エリアや希望に応じて尼崎営業所・姫路営業所のどちらかに配属いたします。 尼崎営業所 〒…,"月給16万6,000円〜22万1,200円＋諸手当 ※能力などを考慮し優遇します 【モデル月収例】 1年目：月収25…"
15.0,6.0,MPアグロ株式会社 | 【動物用の医薬品商社として業界トップクラスのシェア！】,＼北海道・青森・兵庫・鳥取からお選びいただけます！／ 【釧路支店】北海道釧路市鳥取大通4丁目18-…,"月給208,140円〜265,940円　＋各種手当 ※能力・経験などを考慮し、決定いたします。 ※試用期間3ヶ月あ…"
15.0,7.0,戸田道路株式会社 | 【東証一部上場戸田建設グループ】官公庁等の公共事業を手がける,全国に拠点があり、下記各管轄地域の作業所に勤務していただきます。 ★本人の希望及び事情を考慮した上…,＜経験者＞月給28万円以上 ＜未経験者＞月給23万円以上（大卒） 月給21万円以上（高卒） + 諸手当 + 賞…
15.0,8.0,星光ビル管理株式会社 | 職業訓練実績が厚生労働大臣賞を受賞／定着率90％～,■神戸支店／兵庫県神戸市中央区東川崎町1丁目1番3号 神戸クリスタルタワービル　13階 …JR「神…,月給23万円〜32万円（一律手当含む）＋諸手当＋賞与年2回 ※年齢・経験・スキルを十分考慮の上、当社規定…
15.0,9.0,株式会社アルトナー | 設立59年目／東証一部上場／業界トップクラスの技術力が自慢,横浜・宇都宮・大阪・名古屋の各事業所管内のプロジェクト先にて勤務していただきます。 勤務地は、希望…,"月給／23万9,000円以上＋各種手当＋賞与（年2回） 別途残業代支給。サービス残業はありません。 ご経験…"
15.0,10.0,株式会社神戸インテリアセンター | 【創業108年】快適な住空間を創造する内装仕上げ工事を展開,【三ノ宮駅より徒歩10分／U・Iターン歓迎】 兵庫県神戸市中央区旭通2丁目7-8 インテリアビル2F,月給22万円〜40万円＋諸手当＋賞与 ※年齢・経験・スキルを十分考慮の上、当社規定により優遇いたします
15.0,11.0,晴耕雨耕株式会社 | 阪神エリアで地域密着型のサービスを展開し、安定経営を実現,◎転勤なし ◎U・Iターン歓迎します ◆本社 兵庫県尼崎市南武庫之荘3丁目30番5号,月給22万4000円〜38万円 ※年齢・経験・スキルを十分考慮の上、当社規定により優遇いたします ※試用期…
15.0,12.0,株式会社ニチコミ | 全国276地区の老人クラブ広報紙を発行★シニア層を応援する企業,福岡支店 福岡県福岡市博多区博多駅東1-13-6 いちご博多イーストビル7階 ⇒各線「博多」駅から…,月給／20万〜30万円（一律手当含む）＋ 諸手当 + 賞与年2回 ※業績・能力等を考慮の上、優遇します。 ※…
15.0,13.0,フルタニ産業株式会社 | 完全週休2日制・土日祝休み／健康経営優良法人2021に認定！,《大阪本社（大阪市西区） ・ 東京オフィス（港区）・名古屋オフィス（中区）》 ※希望がない限り、転…,◆月給 20万円〜38万円 ※時間外手当は別途支給いたします。 ※経験・能力・年齢を考慮の上、当社規定に…
15.0,14.0,株式会社久原本家 | 創業128年！メディアからの注目を集める『 老舗食品メーカー 』,希望勤務地／U・Iターン歓迎 関東・関西・中国・東北・中部・九州の希望勤務地へ配属 関東 東京ミッ…,月給20万円〜 + 諸手当 【 想定年収 】 ◎関東エリア：年収370万円〜450万円 ◎関西エリア：年収350万円…
15.0,15.0,インフォメーションサービスフォース株式会社 | 大阪オフィス事業拡大,大阪府を中心とする、 近畿圏（京都府・兵庫県など）のプロジェクト先 ※勤務地はご希望を考慮します…,月給20万〜50万円＋諸手当 ※年齢・経験・スキルを十分考慮の上 当社規定により優遇いたします
15.0,16.0,株式会社ニチコミ | 全国243地区の老人クラブ広報紙を発行★シニア層を応援する企業,【転勤なし】 神戸本社（神戸市）、静岡支店（静岡市）、福岡支店（福岡県）のいずれか。 ※希望を考慮…,"月給／20万円〜25万5,000円 （一律手当含む）＋ 諸手当 + 賞与年2回 ※業績・能力等を考慮の上、優遇しま…"
15.0,17.0,インフォメーションサービスフォース株式会社 | 社員の思い・成長・働きやすさを第一優先,大阪府を中心とする、 近畿圏（京都府・兵庫県など）のプロジェクト先 ※勤務地はご希望を考慮します…,月給20万〜50万円＋諸手当 ※年齢・経験・スキルを十分考慮の上 当社規定により優遇いたします
15.0,18.0,株式会社近畿道路資材 | ◎WEB面接可◎―イノベーションで地球を守る―総合環境整備企業,【転勤なし／U・Iターン歓迎】 本社：兵庫県尼崎市御園町24 尼崎第一ビル202 ★今年の2月に移…,"月給：31万円〜 ※上記には、固定残業代（40時間分・5万6,000円/月）と 　一律手当（4万6,000円/月）を含…"
15.0,19.0,タカヤマ土木道路株式会社 | 学歴・経験年数・資格有無は一切不問！残業少なめ◎,兵庫県尼崎市道意町5丁目30-30 ★駅から徒歩5分以内 ★マイカー通勤もOK〈駐車場あり〉,月給25万円〜65万円 ※経験・資格有無を考慮して、当社規定に基づき決定します。 ※試用期間2カ月（試用…
15.0,20.0,神戸衡機株式会社 | 【モデル年収⇒20代後半：約500万円】※残業少なめ ※ノルマなし,【神戸・広島・岡山での募集！配属は希望を考慮します】 ※転勤なし ※U・Iターン歓迎 神戸 兵庫県…,神戸 月給24万円〜 ＋ 諸手当 ＋ 賞与年2回 広島・岡山 月給22万5000円〜 ＋ 諸手当 ＋ 賞与年2回 ※年…
15.0,21.0,株式会社長谷工コミュニティ | 「作ってきたから分かるんだ！」CMでお馴染みの長谷工グループ,＜札幌・仙台・東京・神奈川・埼玉・千葉・名古屋・静岡・京都・大阪・神戸、いずれかで勤務／転勤なし／…,月給：23万円〜35万円＋残業手当＋賞与 ※前職・経験等を考慮し、当社規定により決定いたします。 ※試…
15.0,22.0,日鉄環境エネルギーソリューション株式会社 | 日鉄環境プラントソリューションズ株式会社より社名変更,本社／福岡県北九州市戸畑区大字中原46-59 【事業所】 北海道 東北／秋田、岩手、新潟、福島 関…,"月給20万5,000円〜26万2,000円（一律職務手当含む） ※年齢・経験・能力を考慮の上、当社規定により決定…"
